-- MySQL dump 10.13  Distrib 5.7.12, for Win64 (x86_64)
--
-- Host: localhost    Database: wyg-cloud
-- ------------------------------------------------------
-- Server version	5.7.26-log

/*!40101 SET @OLD_CHARACTER_SET_CLIENT=@@CHARACTER_SET_CLIENT */;
/*!40101 SET @OLD_CHARACTER_SET_RESULTS=@@CHARACTER_SET_RESULTS */;
/*!40101 SET @OLD_COLLATION_CONNECTION=@@COLLATION_CONNECTION */;
/*!40101 SET NAMES utf8 */;
/*!40103 SET @OLD_TIME_ZONE=@@TIME_ZONE */;
/*!40103 SET TIME_ZONE='+00:00' */;
/*!40014 SET @OLD_UNIQUE_CHECKS=@@UNIQUE_CHECKS, UNIQUE_CHECKS=0 */;
/*!40014 SET @OLD_FOREIGN_KEY_CHECKS=@@FOREIGN_KEY_CHECKS, FOREIGN_KEY_CHECKS=0 */;
/*!40101 SET @OLD_SQL_MODE=@@SQL_MODE, SQL_MODE='NO_AUTO_VALUE_ON_ZERO' */;
/*!40111 SET @OLD_SQL_NOTES=@@SQL_NOTES, SQL_NOTES=0 */;

--
-- Table structure for table `gen_table`
--

DROP TABLE IF EXISTS `gen_table`;
/*!40101 SET @saved_cs_client     = @@character_set_client */;
/*!40101 SET character_set_client = utf8 */;
CREATE TABLE `gen_table` (
  `table_id` bigint(20) NOT NULL AUTO_INCREMENT COMMENT 'ç¼–å·',
  `table_name` varchar(200) DEFAULT '' COMMENT 'è¡¨åç§°',
  `table_comment` varchar(500) DEFAULT '' COMMENT 'è¡¨æè¿°',
  `sub_table_name` varchar(64) DEFAULT NULL COMMENT 'å…³è”å­è¡¨çš„è¡¨å',
  `sub_table_fk_name` varchar(64) DEFAULT NULL COMMENT 'å­è¡¨å…³è”çš„å¤–é”®å',
  `class_name` varchar(100) DEFAULT '' COMMENT 'å®ä½“ç±»åç§°',
  `tpl_category` varchar(200) DEFAULT 'crud' COMMENT 'ä½¿ç”¨çš„æ¨¡æ¿ï¼ˆcrudå•è¡¨æ“ä½œ treeæ ‘è¡¨æ“ä½œï¼‰',
  `package_name` varchar(100) DEFAULT NULL COMMENT 'ç”ŸæˆåŒ…è·¯å¾„',
  `module_name` varchar(30) DEFAULT NULL COMMENT 'ç”Ÿæˆæ¨¡å—å',
  `business_name` varchar(30) DEFAULT NULL COMMENT 'ç”Ÿæˆä¸šåŠ¡å',
  `function_name` varchar(50) DEFAULT NULL COMMENT 'ç”ŸæˆåŠŸèƒ½å',
  `function_author` varchar(50) DEFAULT NULL COMMENT 'ç”ŸæˆåŠŸèƒ½ä½œè€…',
  `gen_type` char(1) DEFAULT '0' COMMENT 'ç”Ÿæˆä»£ç æ–¹å¼ï¼ˆ0zipå‹ç¼©åŒ… 1è‡ªå®šä¹‰è·¯å¾„ï¼‰',
  `gen_path` varchar(200) DEFAULT '/' COMMENT 'ç”Ÿæˆè·¯å¾„ï¼ˆä¸å¡«é»˜è®¤é¡¹ç›®è·¯å¾„ï¼‰',
  `options` varchar(1000) DEFAULT NULL COMMENT 'å…¶å®ƒç”Ÿæˆé€‰é¡¹',
  `create_by` varchar(64) DEFAULT '' COMMENT 'åˆ›å»ºè€…',
  `create_time` datetime DEFAULT NULL COMMENT 'åˆ›å»ºæ—¶é—´',
  `update_by` varchar(64) DEFAULT '' COMMENT 'æ›´æ–°è€…',
  `update_time` datetime DEFAULT NULL COMMENT 'æ›´æ–°æ—¶é—´',
  `remark` varchar(500) DEFAULT NULL COMMENT 'å¤‡æ³¨',
  PRIMARY KEY (`table_id`)
) ENGINE=InnoDB AUTO_INCREMENT=2 DEFAULT CHARSET=utf8mb4 COMMENT='ä»£ç ç”Ÿæˆä¸šåŠ¡è¡¨';
/*!40101 SET character_set_client = @saved_cs_client */;

--
-- Dumping data for table `gen_table`
--

LOCK TABLES `gen_table` WRITE;
/*!40000 ALTER TABLE `gen_table` DISABLE KEYS */;
INSERT INTO `gen_table` VALUES (1,'sys_config_group','å‚æ•°åˆ†ç»„',NULL,NULL,'SysConfigGroup','crud','com.wyg.system','system','group','å‚æ•°åˆ†ç»„','WorrilessGo','0','/','{\"parentMenuId\":1}','Dincat','2022-07-13 17:46:27','','2022-07-13 17:48:05',NULL);
/*!40000 ALTER TABLE `gen_table` ENABLE KEYS */;
UNLOCK TABLES;

--
-- Table structure for table `gen_table_column`
--

DROP TABLE IF EXISTS `gen_table_column`;
/*!40101 SET @saved_cs_client     = @@character_set_client */;
/*!40101 SET character_set_client = utf8 */;
CREATE TABLE `gen_table_column` (
  `column_id` bigint(20) NOT NULL AUTO_INCREMENT COMMENT 'ç¼–å·',
  `table_id` varchar(64) DEFAULT NULL COMMENT 'å½’å±è¡¨ç¼–å·',
  `column_name` varchar(200) DEFAULT NULL COMMENT 'åˆ—åç§°',
  `column_comment` varchar(500) DEFAULT NULL COMMENT 'åˆ—æè¿°',
  `column_type` varchar(100) DEFAULT NULL COMMENT 'åˆ—ç±»å‹',
  `java_type` varchar(500) DEFAULT NULL COMMENT 'JAVAç±»å‹',
  `java_field` varchar(200) DEFAULT NULL COMMENT 'JAVAå­—æ®µå',
  `is_pk` char(1) DEFAULT NULL COMMENT 'æ˜¯å¦ä¸»é”®ï¼ˆ1æ˜¯ï¼‰',
  `is_increment` char(1) DEFAULT NULL COMMENT 'æ˜¯å¦è‡ªå¢ï¼ˆ1æ˜¯ï¼‰',
  `is_required` char(1) DEFAULT NULL COMMENT 'æ˜¯å¦å¿…å¡«ï¼ˆ1æ˜¯ï¼‰',
  `is_insert` char(1) DEFAULT NULL COMMENT 'æ˜¯å¦ä¸ºæ’å…¥å­—æ®µï¼ˆ1æ˜¯ï¼‰',
  `is_edit` char(1) DEFAULT NULL COMMENT 'æ˜¯å¦ç¼–è¾‘å­—æ®µï¼ˆ1æ˜¯ï¼‰',
  `is_list` char(1) DEFAULT NULL COMMENT 'æ˜¯å¦åˆ—è¡¨å­—æ®µï¼ˆ1æ˜¯ï¼‰',
  `is_query` char(1) DEFAULT NULL COMMENT 'æ˜¯å¦æŸ¥è¯¢å­—æ®µï¼ˆ1æ˜¯ï¼‰',
  `query_type` varchar(200) DEFAULT 'EQ' COMMENT 'æŸ¥è¯¢æ–¹å¼ï¼ˆç­‰äºã€ä¸ç­‰äºã€å¤§äºã€å°äºã€èŒƒå›´ï¼‰',
  `html_type` varchar(200) DEFAULT NULL COMMENT 'æ˜¾ç¤ºç±»å‹ï¼ˆæ–‡æœ¬æ¡†ã€æ–‡æœ¬åŸŸã€ä¸‹æ‹‰æ¡†ã€å¤é€‰æ¡†ã€å•é€‰æ¡†ã€æ—¥æœŸæ§ä»¶ï¼‰',
  `dict_type` varchar(200) DEFAULT '' COMMENT 'å­—å…¸ç±»å‹',
  `sort` int(11) DEFAULT NULL COMMENT 'æ’åº',
  `create_by` varchar(64) DEFAULT '' COMMENT 'åˆ›å»ºè€…',
  `create_time` datetime DEFAULT NULL COMMENT 'åˆ›å»ºæ—¶é—´',
  `update_by` varchar(64) DEFAULT '' COMMENT 'æ›´æ–°è€…',
  `update_time` datetime DEFAULT NULL COMMENT 'æ›´æ–°æ—¶é—´',
  PRIMARY KEY (`column_id`)
) ENGINE=InnoDB AUTO_INCREMENT=10 DEFAULT CHARSET=utf8mb4 COMMENT='ä»£ç ç”Ÿæˆä¸šåŠ¡è¡¨å­—æ®µ';
/*!40101 SET character_set_client = @saved_cs_client */;

--
-- Dumping data for table `gen_table_column`
--

LOCK TABLES `gen_table_column` WRITE;
/*!40000 ALTER TABLE `gen_table_column` DISABLE KEYS */;
INSERT INTO `gen_table_column` VALUES (1,'1','id','åˆ†ç»„ID','int(11)','Long','id','1','1',NULL,'1',NULL,NULL,NULL,'EQ','input','',1,'Dincat','2022-07-13 17:46:27','','2022-07-13 17:48:05'),(2,'1','group_name','åˆ†ç»„åç§°','varchar(100)','String','groupName','0','0',NULL,'1','1','1','1','LIKE','input','',2,'Dincat','2022-07-13 17:46:27','','2022-07-13 17:48:05'),(3,'1','group_code','åˆ†ç»„ç¼–ç ','varchar(100)','String','groupCode','0','0',NULL,'1','1','1','1','EQ','input','',3,'Dincat','2022-07-13 17:46:27','','2022-07-13 17:48:05'),(4,'1','order_num','æ˜¾ç¤ºé¡ºåº','varchar(45)','String','orderNum','0','0',NULL,'1','1','1',NULL,'EQ','input','',4,'Dincat','2022-07-13 17:46:27','','2022-07-13 17:48:05'),(5,'1','remark','å¤‡æ³¨','varchar(500)','String','remark','0','0',NULL,'1','1','1',NULL,'EQ','textarea','',5,'Dincat','2022-07-13 17:46:27','','2022-07-13 17:48:05'),(6,'1','create_by','åˆ›å»ºè€…','varchar(64)','String','createBy','0','0',NULL,'1',NULL,NULL,NULL,'EQ','input','',6,'Dincat','2022-07-13 17:46:27','','2022-07-13 17:48:05'),(7,'1','create_time','åˆ›å»ºæ—¶é—´','datetime','Date','createTime','0','0',NULL,'1',NULL,NULL,NULL,'EQ','datetime','',7,'Dincat','2022-07-13 17:46:27','','2022-07-13 17:48:05'),(8,'1','update_by','æ›´æ–°è€…','varchar(64)','String','updateBy','0','0',NULL,'1','1',NULL,NULL,'EQ','input','',8,'Dincat','2022-07-13 17:46:27','','2022-07-13 17:48:05'),(9,'1','update_time','æ›´æ–°æ—¶é—´','datetime','Date','updateTime','0','0',NULL,'1','1',NULL,NULL,'EQ','datetime','',9,'Dincat','2022-07-13 17:46:27','','2022-07-13 17:48:05');
/*!40000 ALTER TABLE `gen_table_column` ENABLE KEYS */;
UNLOCK TABLES;

--
-- Table structure for table `qrtz_blob_triggers`
--

DROP TABLE IF EXISTS `qrtz_blob_triggers`;
/*!40101 SET @saved_cs_client     = @@character_set_client */;
/*!40101 SET character_set_client = utf8 */;
CREATE TABLE `qrtz_blob_triggers` (
  `sched_name` varchar(120) NOT NULL COMMENT 'è°ƒåº¦åç§°',
  `trigger_name` varchar(200) NOT NULL COMMENT 'qrtz_triggersè¡¨trigger_nameçš„å¤–é”®',
  `trigger_group` varchar(200) NOT NULL COMMENT 'qrtz_triggersè¡¨trigger_groupçš„å¤–é”®',
  `blob_data` blob COMMENT 'å­˜æ”¾æŒä¹…åŒ–Triggerå¯¹è±¡',
  PRIMARY KEY (`sched_name`,`trigger_name`,`trigger_group`),
  CONSTRAINT `qrtz_blob_triggers_ibfk_1` FOREIGN KEY (`sched_name`, `trigger_name`, `trigger_group`) REFERENCES `qrtz_triggers` (`sched_name`, `trigger_name`, `trigger_group`)
) ENGINE=InnoDB DEFAULT CHARSET=utf8mb4 COMMENT='Blobç±»å‹çš„è§¦å‘å™¨è¡¨';
/*!40101 SET character_set_client = @saved_cs_client */;

--
-- Dumping data for table `qrtz_blob_triggers`
--

LOCK TABLES `qrtz_blob_triggers` WRITE;
/*!40000 ALTER TABLE `qrtz_blob_triggers` DISABLE KEYS */;
/*!40000 ALTER TABLE `qrtz_blob_triggers` ENABLE KEYS */;
UNLOCK TABLES;

--
-- Table structure for table `qrtz_calendars`
--

DROP TABLE IF EXISTS `qrtz_calendars`;
/*!40101 SET @saved_cs_client     = @@character_set_client */;
/*!40101 SET character_set_client = utf8 */;
CREATE TABLE `qrtz_calendars` (
  `sched_name` varchar(120) NOT NULL COMMENT 'è°ƒåº¦åç§°',
  `calendar_name` varchar(200) NOT NULL COMMENT 'æ—¥å†åç§°',
  `calendar` blob NOT NULL COMMENT 'å­˜æ”¾æŒä¹…åŒ–calendarå¯¹è±¡',
  PRIMARY KEY (`sched_name`,`calendar_name`)
) ENGINE=InnoDB DEFAULT CHARSET=utf8mb4 COMMENT='æ—¥å†ä¿¡æ¯è¡¨';
/*!40101 SET character_set_client = @saved_cs_client */;

--
-- Dumping data for table `qrtz_calendars`
--

LOCK TABLES `qrtz_calendars` WRITE;
/*!40000 ALTER TABLE `qrtz_calendars` DISABLE KEYS */;
/*!40000 ALTER TABLE `qrtz_calendars` ENABLE KEYS */;
UNLOCK TABLES;

--
-- Table structure for table `qrtz_cron_triggers`
--

DROP TABLE IF EXISTS `qrtz_cron_triggers`;
/*!40101 SET @saved_cs_client     = @@character_set_client */;
/*!40101 SET character_set_client = utf8 */;
CREATE TABLE `qrtz_cron_triggers` (
  `sched_name` varchar(120) NOT NULL COMMENT 'è°ƒåº¦åç§°',
  `trigger_name` varchar(200) NOT NULL COMMENT 'qrtz_triggersè¡¨trigger_nameçš„å¤–é”®',
  `trigger_group` varchar(200) NOT NULL COMMENT 'qrtz_triggersè¡¨trigger_groupçš„å¤–é”®',
  `cron_expression` varchar(200) NOT NULL COMMENT 'cronè¡¨è¾¾å¼',
  `time_zone_id` varchar(80) DEFAULT NULL COMMENT 'æ—¶åŒº',
  PRIMARY KEY (`sched_name`,`trigger_name`,`trigger_group`),
  CONSTRAINT `qrtz_cron_triggers_ibfk_1` FOREIGN KEY (`sched_name`, `trigger_name`, `trigger_group`) REFERENCES `qrtz_triggers` (`sched_name`, `trigger_name`, `trigger_group`)
) ENGINE=InnoDB DEFAULT CHARSET=utf8mb4 COMMENT='Cronç±»å‹çš„è§¦å‘å™¨è¡¨';
/*!40101 SET character_set_client = @saved_cs_client */;

--
-- Dumping data for table `qrtz_cron_triggers`
--

LOCK TABLES `qrtz_cron_triggers` WRITE;
/*!40000 ALTER TABLE `qrtz_cron_triggers` DISABLE KEYS */;
INSERT INTO `qrtz_cron_triggers` VALUES ('wygScheduler','TASK_CLASS_NAME1','DEFAULT','0/10 * * * * ?','Asia/Shanghai'),('wygScheduler','TASK_CLASS_NAME2','DEFAULT','0/15 * * * * ?','Asia/Shanghai'),('wygScheduler','TASK_CLASS_NAME3','DEFAULT','0/20 * * * * ?','Asia/Shanghai');
/*!40000 ALTER TABLE `qrtz_cron_triggers` ENABLE KEYS */;
UNLOCK TABLES;

--
-- Table structure for table `qrtz_fired_triggers`
--

DROP TABLE IF EXISTS `qrtz_fired_triggers`;
/*!40101 SET @saved_cs_client     = @@character_set_client */;
/*!40101 SET character_set_client = utf8 */;
CREATE TABLE `qrtz_fired_triggers` (
  `sched_name` varchar(120) NOT NULL COMMENT 'è°ƒåº¦åç§°',
  `entry_id` varchar(95) NOT NULL COMMENT 'è°ƒåº¦å™¨å®ä¾‹id',
  `trigger_name` varchar(200) NOT NULL COMMENT 'qrtz_triggersè¡¨trigger_nameçš„å¤–é”®',
  `trigger_group` varchar(200) NOT NULL COMMENT 'qrtz_triggersè¡¨trigger_groupçš„å¤–é”®',
  `instance_name` varchar(200) NOT NULL COMMENT 'è°ƒåº¦å™¨å®ä¾‹å',
  `fired_time` bigint(13) NOT NULL COMMENT 'è§¦å‘çš„æ—¶é—´',
  `sched_time` bigint(13) NOT NULL COMMENT 'å®šæ—¶å™¨åˆ¶å®šçš„æ—¶é—´',
  `priority` int(11) NOT NULL COMMENT 'ä¼˜å…ˆçº§',
  `state` varchar(16) NOT NULL COMMENT 'çŠ¶æ€',
  `job_name` varchar(200) DEFAULT NULL COMMENT 'ä»»åŠ¡åç§°',
  `job_group` varchar(200) DEFAULT NULL COMMENT 'ä»»åŠ¡ç»„å',
  `is_nonconcurrent` varchar(1) DEFAULT NULL COMMENT 'æ˜¯å¦å¹¶å‘',
  `requests_recovery` varchar(1) DEFAULT NULL COMMENT 'æ˜¯å¦æ¥å—æ¢å¤æ‰§è¡Œ',
  PRIMARY KEY (`sched_name`,`entry_id`)
) ENGINE=InnoDB DEFAULT CHARSET=utf8mb4 COMMENT='å·²è§¦å‘çš„è§¦å‘å™¨è¡¨';
/*!40101 SET character_set_client = @saved_cs_client */;

--
-- Dumping data for table `qrtz_fired_triggers`
--

LOCK TABLES `qrtz_fired_triggers` WRITE;
/*!40000 ALTER TABLE `qrtz_fired_triggers` DISABLE KEYS */;
/*!40000 ALTER TABLE `qrtz_fired_triggers` ENABLE KEYS */;
UNLOCK TABLES;

--
-- Table structure for table `qrtz_job_details`
--

DROP TABLE IF EXISTS `qrtz_job_details`;
/*!40101 SET @saved_cs_client     = @@character_set_client */;
/*!40101 SET character_set_client = utf8 */;
CREATE TABLE `qrtz_job_details` (
  `sched_name` varchar(120) NOT NULL COMMENT 'è°ƒåº¦åç§°',
  `job_name` varchar(200) NOT NULL COMMENT 'ä»»åŠ¡åç§°',
  `job_group` varchar(200) NOT NULL COMMENT 'ä»»åŠ¡ç»„å',
  `description` varchar(250) DEFAULT NULL COMMENT 'ç›¸å…³ä»‹ç»',
  `job_class_name` varchar(250) NOT NULL COMMENT 'æ‰§è¡Œä»»åŠ¡ç±»åç§°',
  `is_durable` varchar(1) NOT NULL COMMENT 'æ˜¯å¦æŒä¹…åŒ–',
  `is_nonconcurrent` varchar(1) NOT NULL COMMENT 'æ˜¯å¦å¹¶å‘',
  `is_update_data` varchar(1) NOT NULL COMMENT 'æ˜¯å¦æ›´æ–°æ•°æ®',
  `requests_recovery` varchar(1) NOT NULL COMMENT 'æ˜¯å¦æ¥å—æ¢å¤æ‰§è¡Œ',
  `job_data` blob COMMENT 'å­˜æ”¾æŒä¹…åŒ–jobå¯¹è±¡',
  PRIMARY KEY (`sched_name`,`job_name`,`job_group`)
) ENGINE=InnoDB DEFAULT CHARSET=utf8mb4 COMMENT='ä»»åŠ¡è¯¦ç»†ä¿¡æ¯è¡¨';
/*!40101 SET character_set_client = @saved_cs_client */;

--
-- Dumping data for table `qrtz_job_details`
--

LOCK TABLES `qrtz_job_details` WRITE;
/*!40000 ALTER TABLE `qrtz_job_details` DISABLE KEYS */;
INSERT INTO `qrtz_job_details` VALUES ('wygScheduler','TASK_CLASS_NAME1','DEFAULT',NULL,'com.wyg.job.util.QuartzDisallowConcurrentExecution','0','1','0','0','¬\í\0sr\0org.quartz.JobDataMapŸ°ƒè¿©°\Ë\0\0xr\0&org.quartz.utils.StringKeyDirtyFlagMap‚\è\Ãû\Å](\0Z\0allowsTransientDataxr\0org.quartz.utils.DirtyFlagMap\æ.­(v\n\Î\0Z\0dirtyL\0mapt\0Ljava/util/Map;xpsr\0java.util.HashMap\ÚÁ\Ã`\Ñ\0F\0\nloadFactorI\0	thresholdxp?@\0\0\0\0\0w\0\0\0\0\0\0t\0TASK_PROPERTIESsr\0com.wyg.job.domain.SysJob\0\0\0\0\0\0\0\0L\0\nconcurrentt\0Ljava/lang/String;L\0cronExpressionq\0~\0	L\0invokeTargetq\0~\0	L\0jobGroupq\0~\0	L\0jobIdt\0Ljava/lang/Long;L\0jobNameq\0~\0	L\0\rmisfirePolicyq\0~\0	L\0statusq\0~\0	xr\0)com.wyg.common.core.web.domain.BaseEntity\0\0\0\0\0\0\0\0	L\0createByq\0~\0	L\0\ncreateTimet\0Ljava/util/Date;L\0paramsq\0~\0L\0remarkq\0~\0	L\0searchValueq\0~\0	L\0sortt\0Ljava/lang/Integer;L\0tenantIdq\0~\0\nL\0updateByq\0~\0	L\0\nupdateTimeq\0~\0xpt\0adminsr\0java.util.DatehjKYt\0\0xpw\0\0¸—­Hxpt\0\0pppppt\01t\00/10 * * * * ?t\0ryTask.ryNoParamst\0DEFAULTsr\0java.lang.Long;‹\äÌ#\ß\0J\0valuexr\0java.lang.Number†¬•”\à‹\0\0xp\0\0\0\0\0\0\0t\0ç³»ç»Ÿé»˜è®¤ï¼ˆæ— å‚ï¼‰t\03t\01x\0'),('wygScheduler','TASK_CLASS_NAME2','DEFAULT',NULL,'com.wyg.job.util.QuartzDisallowConcurrentExecution','0','1','0','0','¬\í\0sr\0org.quartz.JobDataMapŸ°ƒè¿©°\Ë\0\0xr\0&org.quartz.utils.StringKeyDirtyFlagMap‚\è\Ãû\Å](\0Z\0allowsTransientDataxr\0org.quartz.utils.DirtyFlagMap\æ.­(v\n\Î\0Z\0dirtyL\0mapt\0Ljava/util/Map;xpsr\0java.util.HashMap\ÚÁ\Ã`\Ñ\0F\0\nloadFactorI\0	thresholdxp?@\0\0\0\0\0w\0\0\0\0\0\0t\0TASK_PROPERTIESsr\0com.wyg.job.domain.SysJob\0\0\0\0\0\0\0\0L\0\nconcurrentt\0Ljava/lang/String;L\0cronExpressionq\0~\0	L\0invokeTargetq\0~\0	L\0jobGroupq\0~\0	L\0jobIdt\0Ljava/lang/Long;L\0jobNameq\0~\0	L\0\rmisfirePolicyq\0~\0	L\0statusq\0~\0	xr\0)com.wyg.common.core.web.domain.BaseEntity\0\0\0\0\0\0\0\0	L\0createByq\0~\0	L\0\ncreateTimet\0Ljava/util/Date;L\0paramsq\0~\0L\0remarkq\0~\0	L\0searchValueq\0~\0	L\0sortt\0Ljava/lang/Integer;L\0tenantIdq\0~\0\nL\0updateByq\0~\0	L\0\nupdateTimeq\0~\0xpt\0adminsr\0java.util.DatehjKYt\0\0xpw\0\0¸—­Hxpt\0\0pppppt\01t\00/15 * * * * ?t\0ryTask.ryParams(\'ry\')t\0DEFAULTsr\0java.lang.Long;‹\äÌ#\ß\0J\0valuexr\0java.lang.Number†¬•”\à‹\0\0xp\0\0\0\0\0\0\0t\0ç³»ç»Ÿé»˜è®¤ï¼ˆæœ‰å‚ï¼‰t\03t\01x\0'),('wygScheduler','TASK_CLASS_NAME3','DEFAULT',NULL,'com.wyg.job.util.QuartzDisallowConcurrentExecution','0','1','0','0','¬\í\0sr\0org.quartz.JobDataMapŸ°ƒè¿©°\Ë\0\0xr\0&org.quartz.utils.StringKeyDirtyFlagMap‚\è\Ãû\Å](\0Z\0allowsTransientDataxr\0org.quartz.utils.DirtyFlagMap\æ.­(v\n\Î\0Z\0dirtyL\0mapt\0Ljava/util/Map;xpsr\0java.util.HashMap\ÚÁ\Ã`\Ñ\0F\0\nloadFactorI\0	thresholdxp?@\0\0\0\0\0w\0\0\0\0\0\0t\0TASK_PROPERTIESsr\0com.wyg.job.domain.SysJob\0\0\0\0\0\0\0\0L\0\nconcurrentt\0Ljava/lang/String;L\0cronExpressionq\0~\0	L\0invokeTargetq\0~\0	L\0jobGroupq\0~\0	L\0jobIdt\0Ljava/lang/Long;L\0jobNameq\0~\0	L\0\rmisfirePolicyq\0~\0	L\0statusq\0~\0	xr\0)com.wyg.common.core.web.domain.BaseEntity\0\0\0\0\0\0\0\0	L\0createByq\0~\0	L\0\ncreateTimet\0Ljava/util/Date;L\0paramsq\0~\0L\0remarkq\0~\0	L\0searchValueq\0~\0	L\0sortt\0Ljava/lang/Integer;L\0tenantIdq\0~\0\nL\0updateByq\0~\0	L\0\nupdateTimeq\0~\0xpt\0adminsr\0java.util.DatehjKYt\0\0xpw\0\0¸—­Hxpt\0\0pppppt\01t\00/20 * * * * ?t\08ryTask.ryMultipleParams(\'ry\', true, 2000L, 316.50D, 100)t\0DEFAULTsr\0java.lang.Long;‹\äÌ#\ß\0J\0valuexr\0java.lang.Number†¬•”\à‹\0\0xp\0\0\0\0\0\0\0t\0ç³»ç»Ÿé»˜è®¤ï¼ˆå¤šå‚ï¼‰t\03t\01x\0');
/*!40000 ALTER TABLE `qrtz_job_details` ENABLE KEYS */;
UNLOCK TABLES;

--
-- Table structure for table `qrtz_locks`
--

DROP TABLE IF EXISTS `qrtz_locks`;
/*!40101 SET @saved_cs_client     = @@character_set_client */;
/*!40101 SET character_set_client = utf8 */;
CREATE TABLE `qrtz_locks` (
  `sched_name` varchar(120) NOT NULL COMMENT 'è°ƒåº¦åç§°',
  `lock_name` varchar(40) NOT NULL COMMENT 'æ‚²è§‚é”åç§°',
  PRIMARY KEY (`sched_name`,`lock_name`)
) ENGINE=InnoDB DEFAULT CHARSET=utf8mb4 COMMENT='å­˜å‚¨çš„æ‚²è§‚é”ä¿¡æ¯è¡¨';
/*!40101 SET character_set_client = @saved_cs_client */;

--
-- Dumping data for table `qrtz_locks`
--

LOCK TABLES `qrtz_locks` WRITE;
/*!40000 ALTER TABLE `qrtz_locks` DISABLE KEYS */;
INSERT INTO `qrtz_locks` VALUES ('wygScheduler','STATE_ACCESS'),('wygScheduler','TRIGGER_ACCESS');
/*!40000 ALTER TABLE `qrtz_locks` ENABLE KEYS */;
UNLOCK TABLES;

--
-- Table structure for table `qrtz_paused_trigger_grps`
--

DROP TABLE IF EXISTS `qrtz_paused_trigger_grps`;
/*!40101 SET @saved_cs_client     = @@character_set_client */;
/*!40101 SET character_set_client = utf8 */;
CREATE TABLE `qrtz_paused_trigger_grps` (
  `sched_name` varchar(120) NOT NULL COMMENT 'è°ƒåº¦åç§°',
  `trigger_group` varchar(200) NOT NULL COMMENT 'qrtz_triggersè¡¨trigger_groupçš„å¤–é”®',
  PRIMARY KEY (`sched_name`,`trigger_group`)
) ENGINE=InnoDB DEFAULT CHARSET=utf8mb4 COMMENT='æš‚åœçš„è§¦å‘å™¨è¡¨';
/*!40101 SET character_set_client = @saved_cs_client */;

--
-- Dumping data for table `qrtz_paused_trigger_grps`
--

LOCK TABLES `qrtz_paused_trigger_grps` WRITE;
/*!40000 ALTER TABLE `qrtz_paused_trigger_grps` DISABLE KEYS */;
/*!40000 ALTER TABLE `qrtz_paused_trigger_grps` ENABLE KEYS */;
UNLOCK TABLES;

--
-- Table structure for table `qrtz_scheduler_state`
--

DROP TABLE IF EXISTS `qrtz_scheduler_state`;
/*!40101 SET @saved_cs_client     = @@character_set_client */;
/*!40101 SET character_set_client = utf8 */;
CREATE TABLE `qrtz_scheduler_state` (
  `sched_name` varchar(120) NOT NULL COMMENT 'è°ƒåº¦åç§°',
  `instance_name` varchar(200) NOT NULL COMMENT 'å®ä¾‹åç§°',
  `last_checkin_time` bigint(13) NOT NULL COMMENT 'ä¸Šæ¬¡æ£€æŸ¥æ—¶é—´',
  `checkin_interval` bigint(13) NOT NULL COMMENT 'æ£€æŸ¥é—´éš”æ—¶é—´',
  PRIMARY KEY (`sched_name`,`instance_name`)
) ENGINE=InnoDB DEFAULT CHARSET=utf8mb4 COMMENT='è°ƒåº¦å™¨çŠ¶æ€è¡¨';
/*!40101 SET character_set_client = @saved_cs_client */;

--
-- Dumping data for table `qrtz_scheduler_state`
--

LOCK TABLES `qrtz_scheduler_state` WRITE;
/*!40000 ALTER TABLE `qrtz_scheduler_state` DISABLE KEYS */;
INSERT INTO `qrtz_scheduler_state` VALUES ('wygScheduler','Dincat-Home1657984454879',1657985246631,15000);
/*!40000 ALTER TABLE `qrtz_scheduler_state` ENABLE KEYS */;
UNLOCK TABLES;

--
-- Table structure for table `qrtz_simple_triggers`
--

DROP TABLE IF EXISTS `qrtz_simple_triggers`;
/*!40101 SET @saved_cs_client     = @@character_set_client */;
/*!40101 SET character_set_client = utf8 */;
CREATE TABLE `qrtz_simple_triggers` (
  `sched_name` varchar(120) NOT NULL COMMENT 'è°ƒåº¦åç§°',
  `trigger_name` varchar(200) NOT NULL COMMENT 'qrtz_triggersè¡¨trigger_nameçš„å¤–é”®',
  `trigger_group` varchar(200) NOT NULL COMMENT 'qrtz_triggersè¡¨trigger_groupçš„å¤–é”®',
  `repeat_count` bigint(7) NOT NULL COMMENT 'é‡å¤çš„æ¬¡æ•°ç»Ÿè®¡',
  `repeat_interval` bigint(12) NOT NULL COMMENT 'é‡å¤çš„é—´éš”æ—¶é—´',
  `times_triggered` bigint(10) NOT NULL COMMENT 'å·²ç»è§¦å‘çš„æ¬¡æ•°',
  PRIMARY KEY (`sched_name`,`trigger_name`,`trigger_group`),
  CONSTRAINT `qrtz_simple_triggers_ibfk_1` FOREIGN KEY (`sched_name`, `trigger_name`, `trigger_group`) REFERENCES `qrtz_triggers` (`sched_name`, `trigger_name`, `trigger_group`)
) ENGINE=InnoDB DEFAULT CHARSET=utf8mb4 COMMENT='ç®€å•è§¦å‘å™¨çš„ä¿¡æ¯è¡¨';
/*!40101 SET character_set_client = @saved_cs_client */;

--
-- Dumping data for table `qrtz_simple_triggers`
--

LOCK TABLES `qrtz_simple_triggers` WRITE;
/*!40000 ALTER TABLE `qrtz_simple_triggers` DISABLE KEYS */;
/*!40000 ALTER TABLE `qrtz_simple_triggers` ENABLE KEYS */;
UNLOCK TABLES;

--
-- Table structure for table `qrtz_simprop_triggers`
--

DROP TABLE IF EXISTS `qrtz_simprop_triggers`;
/*!40101 SET @saved_cs_client     = @@character_set_client */;
/*!40101 SET character_set_client = utf8 */;
CREATE TABLE `qrtz_simprop_triggers` (
  `sched_name` varchar(120) NOT NULL COMMENT 'è°ƒåº¦åç§°',
  `trigger_name` varchar(200) NOT NULL COMMENT 'qrtz_triggersè¡¨trigger_nameçš„å¤–é”®',
  `trigger_group` varchar(200) NOT NULL COMMENT 'qrtz_triggersè¡¨trigger_groupçš„å¤–é”®',
  `str_prop_1` varchar(512) DEFAULT NULL COMMENT 'Stringç±»å‹çš„triggerçš„ç¬¬ä¸€ä¸ªå‚æ•°',
  `str_prop_2` varchar(512) DEFAULT NULL COMMENT 'Stringç±»å‹çš„triggerçš„ç¬¬äºŒä¸ªå‚æ•°',
  `str_prop_3` varchar(512) DEFAULT NULL COMMENT 'Stringç±»å‹çš„triggerçš„ç¬¬ä¸‰ä¸ªå‚æ•°',
  `int_prop_1` int(11) DEFAULT NULL COMMENT 'intç±»å‹çš„triggerçš„ç¬¬ä¸€ä¸ªå‚æ•°',
  `int_prop_2` int(11) DEFAULT NULL COMMENT 'intç±»å‹çš„triggerçš„ç¬¬äºŒä¸ªå‚æ•°',
  `long_prop_1` bigint(20) DEFAULT NULL COMMENT 'longç±»å‹çš„triggerçš„ç¬¬ä¸€ä¸ªå‚æ•°',
  `long_prop_2` bigint(20) DEFAULT NULL COMMENT 'longç±»å‹çš„triggerçš„ç¬¬äºŒä¸ªå‚æ•°',
  `dec_prop_1` decimal(13,4) DEFAULT NULL COMMENT 'decimalç±»å‹çš„triggerçš„ç¬¬ä¸€ä¸ªå‚æ•°',
  `dec_prop_2` decimal(13,4) DEFAULT NULL COMMENT 'decimalç±»å‹çš„triggerçš„ç¬¬äºŒä¸ªå‚æ•°',
  `bool_prop_1` varchar(1) DEFAULT NULL COMMENT 'Booleanç±»å‹çš„triggerçš„ç¬¬ä¸€ä¸ªå‚æ•°',
  `bool_prop_2` varchar(1) DEFAULT NULL COMMENT 'Booleanç±»å‹çš„triggerçš„ç¬¬äºŒä¸ªå‚æ•°',
  PRIMARY KEY (`sched_name`,`trigger_name`,`trigger_group`),
  CONSTRAINT `qrtz_simprop_triggers_ibfk_1` FOREIGN KEY (`sched_name`, `trigger_name`, `trigger_group`) REFERENCES `qrtz_triggers` (`sched_name`, `trigger_name`, `trigger_group`)
) ENGINE=InnoDB DEFAULT CHARSET=utf8mb4 COMMENT='åŒæ­¥æœºåˆ¶çš„è¡Œé”è¡¨';
/*!40101 SET character_set_client = @saved_cs_client */;

--
-- Dumping data for table `qrtz_simprop_triggers`
--

LOCK TABLES `qrtz_simprop_triggers` WRITE;
/*!40000 ALTER TABLE `qrtz_simprop_triggers` DISABLE KEYS */;
/*!40000 ALTER TABLE `qrtz_simprop_triggers` ENABLE KEYS */;
UNLOCK TABLES;

--
-- Table structure for table `qrtz_triggers`
--

DROP TABLE IF EXISTS `qrtz_triggers`;
/*!40101 SET @saved_cs_client     = @@character_set_client */;
/*!40101 SET character_set_client = utf8 */;
CREATE TABLE `qrtz_triggers` (
  `sched_name` varchar(120) NOT NULL COMMENT 'è°ƒåº¦åç§°',
  `trigger_name` varchar(200) NOT NULL COMMENT 'è§¦å‘å™¨çš„åå­—',
  `trigger_group` varchar(200) NOT NULL COMMENT 'è§¦å‘å™¨æ‰€å±ç»„çš„åå­—',
  `job_name` varchar(200) NOT NULL COMMENT 'qrtz_job_detailsè¡¨job_nameçš„å¤–é”®',
  `job_group` varchar(200) NOT NULL COMMENT 'qrtz_job_detailsè¡¨job_groupçš„å¤–é”®',
  `description` varchar(250) DEFAULT NULL COMMENT 'ç›¸å…³ä»‹ç»',
  `next_fire_time` bigint(13) DEFAULT NULL COMMENT 'ä¸Šä¸€æ¬¡è§¦å‘æ—¶é—´ï¼ˆæ¯«ç§’ï¼‰',
  `prev_fire_time` bigint(13) DEFAULT NULL COMMENT 'ä¸‹ä¸€æ¬¡è§¦å‘æ—¶é—´ï¼ˆé»˜è®¤ä¸º-1è¡¨ç¤ºä¸è§¦å‘ï¼‰',
  `priority` int(11) DEFAULT NULL COMMENT 'ä¼˜å…ˆçº§',
  `trigger_state` varchar(16) NOT NULL COMMENT 'è§¦å‘å™¨çŠ¶æ€',
  `trigger_type` varchar(8) NOT NULL COMMENT 'è§¦å‘å™¨çš„ç±»å‹',
  `start_time` bigint(13) NOT NULL COMMENT 'å¼€å§‹æ—¶é—´',
  `end_time` bigint(13) DEFAULT NULL COMMENT 'ç»“æŸæ—¶é—´',
  `calendar_name` varchar(200) DEFAULT NULL COMMENT 'æ—¥ç¨‹è¡¨åç§°',
  `misfire_instr` smallint(2) DEFAULT NULL COMMENT 'è¡¥å¿æ‰§è¡Œçš„ç­–ç•¥',
  `job_data` blob COMMENT 'å­˜æ”¾æŒä¹…åŒ–jobå¯¹è±¡',
  PRIMARY KEY (`sched_name`,`trigger_name`,`trigger_group`),
  KEY `sched_name` (`sched_name`,`job_name`,`job_group`),
  CONSTRAINT `qrtz_triggers_ibfk_1` FOREIGN KEY (`sched_name`, `job_name`, `job_group`) REFERENCES `qrtz_job_details` (`sched_name`, `job_name`, `job_group`)
) ENGINE=InnoDB DEFAULT CHARSET=utf8mb4 COMMENT='è§¦å‘å™¨è¯¦ç»†ä¿¡æ¯è¡¨';
/*!40101 SET character_set_client = @saved_cs_client */;

--
-- Dumping data for table `qrtz_triggers`
--

LOCK TABLES `qrtz_triggers` WRITE;
/*!40000 ALTER TABLE `qrtz_triggers` DISABLE KEYS */;
INSERT INTO `qrtz_triggers` VALUES ('wygScheduler','TASK_CLASS_NAME1','DEFAULT','TASK_CLASS_NAME1','DEFAULT',NULL,1657984460000,-1,5,'PAUSED','CRON',1657984455000,0,NULL,2,''),('wygScheduler','TASK_CLASS_NAME2','DEFAULT','TASK_CLASS_NAME2','DEFAULT',NULL,1657984470000,-1,5,'PAUSED','CRON',1657984456000,0,NULL,2,''),('wygScheduler','TASK_CLASS_NAME3','DEFAULT','TASK_CLASS_NAME3','DEFAULT',NULL,1657984460000,-1,5,'PAUSED','CRON',1657984456000,0,NULL,2,'');
/*!40000 ALTER TABLE `qrtz_triggers` ENABLE KEYS */;
UNLOCK TABLES;

--
-- Table structure for table `sys_config`
--

DROP TABLE IF EXISTS `sys_config`;
/*!40101 SET @saved_cs_client     = @@character_set_client */;
/*!40101 SET character_set_client = utf8 */;
CREATE TABLE `sys_config` (
  `config_id` int(5) NOT NULL AUTO_INCREMENT COMMENT 'å‚æ•°ä¸»é”®',
  `config_name` varchar(100) DEFAULT '' COMMENT 'å‚æ•°åç§°',
  `config_key` varchar(100) DEFAULT '' COMMENT 'å‚æ•°é”®å',
  `config_value` varchar(500) DEFAULT '' COMMENT 'å‚æ•°é”®å€¼',
  `config_type` char(1) DEFAULT 'N' COMMENT 'ç³»ç»Ÿå†…ç½®ï¼ˆYæ˜¯ Nå¦ï¼‰',
  `group_id` int(11) DEFAULT NULL,
  `group_code` varchar(100) DEFAULT NULL,
  `create_by` varchar(64) DEFAULT '' COMMENT 'åˆ›å»ºè€…',
  `create_time` datetime DEFAULT NULL COMMENT 'åˆ›å»ºæ—¶é—´',
  `update_by` varchar(64) DEFAULT '' COMMENT 'æ›´æ–°è€…',
  `update_time` datetime DEFAULT NULL COMMENT 'æ›´æ–°æ—¶é—´',
  `remark` varchar(500) DEFAULT NULL COMMENT 'å¤‡æ³¨',
  PRIMARY KEY (`config_id`)
) ENGINE=InnoDB AUTO_INCREMENT=115 DEFAULT CHARSET=utf8mb4 COMMENT='å‚æ•°é…ç½®è¡¨';
/*!40101 SET character_set_client = @saved_cs_client */;

--
-- Dumping data for table `sys_config`
--

LOCK TABLES `sys_config` WRITE;
/*!40000 ALTER TABLE `sys_config` DISABLE KEYS */;
INSERT INTO `sys_config` VALUES (1,'ä¸»æ¡†æ¶é¡µ-é»˜è®¤çš®è‚¤æ ·å¼åç§°','sys.index.skinName','skin-blue','Y',1,'System','admin','2022-07-01 15:09:17','',NULL,'è“è‰² skin-blueã€ç»¿è‰² skin-greenã€ç´«è‰² skin-purpleã€çº¢è‰² skin-redã€é»„è‰² skin-yellow'),(2,'ç”¨æˆ·ç®¡ç†-è´¦å·åˆå§‹å¯†ç ','sys.user.initPassword','123456','Y',1,'System','admin','2022-07-01 15:09:17','',NULL,'åˆå§‹åŒ–å¯†ç  123456'),(3,'ä¸»æ¡†æ¶é¡µ-ä¾§è¾¹æ ä¸»é¢˜','sys.index.sideTheme','theme-dark','Y',1,'System','admin','2022-07-01 15:09:17','',NULL,'æ·±è‰²ä¸»é¢˜theme-darkï¼Œæµ…è‰²ä¸»é¢˜theme-light'),(4,'è´¦å·è‡ªåŠ©-æ˜¯å¦å¼€å¯ç”¨æˆ·æ³¨å†ŒåŠŸèƒ½','sys.account.registerUser','false','Y',1,'System','admin','2022-07-01 15:09:17','',NULL,'æ˜¯å¦å¼€å¯æ³¨å†Œç”¨æˆ·åŠŸèƒ½ï¼ˆtrueå¼€å¯ï¼Œfalseå…³é—­ï¼‰'),(100,'å®¢æˆ·ç«¯ç±»å‹','file.upload.client.type','Local','Y',2,'FileUpload','Dincat','2022-07-14 12:35:30','Dincat','2022-07-15 12:00:25','å‚æ•°é”®å€¼é€‰é¡¹ï¼šLocalã€Aliyunã€Minioã€FastDfsã€QianNiu'),(101,'æ ¹ç›®å½•åç§°','file.upload.base.dir','wyg-test','Y',2,'FileUpload','Dincat','2022-07-14 12:40:01','Dincat','2022-07-15 15:44:10',NULL),(102,'å…è®¸æ‰©å±•å','file.upload.allowed.extentsion','bmp, gif, jpg, jpeg, png,doc, docx, xls, xlsx, ppt, pptx, html, htm, txt,rar, zip, gz, bz2,pdf','Y',2,'FileUpload','Dincat','2022-07-14 12:47:21','Dincat','2022-07-15 15:47:11',NULL),(103,'æ–‡ä»¶å¤§å°é™åˆ¶ï¼ˆMBï¼‰','file.upload.maxsize','60','Y',2,'FileUpload','Dincat','2022-07-14 12:49:06','Dincat','2022-07-14 15:25:19',NULL),(104,'é˜¿é‡Œäº‘OSSåŸŸå','file.upload.aliyun.domain','http://worrilessgo.oss-cn-guangzhou.aliyuncs.com/','Y',2,'FileUpload','Dincat','2022-07-14 12:52:45','',NULL,NULL),(105,'é˜¿é‡Œäº‘OSS Endpoint','file.upload.aliyun.endpoint','oss-cn-guangzhou.aliyuncs.com','Y',2,'FileUpload','Dincat','2022-07-14 12:54:15','',NULL,NULL),(106,'é˜¿é‡Œäº‘OSS Access Key Id','file.upload.aliyun.access.key','worrilessgo','Y',2,'FileUpload','Dincat','2022-07-14 12:55:37','admin','2022-08-25 14:57:43',NULL),(107,'é˜¿é‡Œäº‘OSS Access Key Secret','file.upload.aliyun.access.secret','worrilessgo','Y',2,'FileUpload','Dincat','2022-07-14 13:02:11','admin','2022-08-25 14:57:39',NULL),(108,'é˜¿é‡Œäº‘OSS Bucket','file.upload.aliyun.bucket','worrilessgo','Y',2,'FileUpload','Dincat','2022-07-14 13:08:03','',NULL,NULL),(109,'MinioæœåŠ¡å™¨åœ°å€','file.upload.minio.url','http://minio.WorrilessGo.com','Y',2,'FileUpload','Dincat','2022-07-14 13:15:45','Dincat','2022-07-15 12:12:33',NULL),(110,'Minio Access Key','file.upload.minio.access.key','worrielss_go','Y',2,'FileUpload','Dincat','2022-07-14 13:16:40','Dincat','2022-07-14 13:17:41',NULL),(111,'Minio Access secret','file.upload.minio.access.secret','123456','Y',2,'FileUpload','Dincat','2022-07-14 13:17:35','',NULL,NULL),(112,'Minio Bucket','file.upload.minio.bucket','WorrilessGo','Y',2,'FileUpload','Dincat','2022-07-14 13:19:00','',NULL,NULL),(113,'æœ¬åœ°æ–‡ä»¶è®¿é—®åŸŸå','file.upload.local.domain','http://192.168.11.19:9300','Y',2,'FileUpload','Dincat','2022-07-15 12:25:16','Dincat','2022-07-15 15:48:47',NULL),(114,'è®¿é—®åŸŸå','domainUrl','https://dincat.mynatapp.cc','Y',1,'System','Dincat','2022-07-16 14:13:32','',NULL,NULL);
/*!40000 ALTER TABLE `sys_config` ENABLE KEYS */;
UNLOCK TABLES;

--
-- Table structure for table `sys_config_group`
--

DROP TABLE IF EXISTS `sys_config_group`;
/*!40101 SET @saved_cs_client     = @@character_set_client */;
/*!40101 SET character_set_client = utf8 */;
CREATE TABLE `sys_config_group` (
  `id` int(11) NOT NULL AUTO_INCREMENT COMMENT 'åˆ†ç»„ID',
  `group_name` varchar(100) DEFAULT NULL COMMENT 'åˆ†ç»„åç§°',
  `group_code` varchar(100) DEFAULT NULL COMMENT 'åˆ†ç»„ç¼–ç ',
  `order_num` varchar(45) DEFAULT '0' COMMENT 'æ˜¾ç¤ºé¡ºåº',
  `remark` varchar(500) DEFAULT NULL COMMENT 'å¤‡æ³¨',
  `create_by` varchar(64) DEFAULT NULL COMMENT 'åˆ›å»ºè€…',
  `create_time` datetime DEFAULT NULL COMMENT 'åˆ›å»ºæ—¶é—´',
  `update_by` varchar(64) DEFAULT NULL COMMENT 'æ›´æ–°è€…',
  `update_time` datetime DEFAULT NULL COMMENT 'æ›´æ–°æ—¶é—´',
  PRIMARY KEY (`id`)
) ENGINE=InnoDB AUTO_INCREMENT=3 DEFAULT CHARSET=utf8mb4 COMMENT='å‚æ•°åˆ†ç»„';
/*!40101 SET character_set_client = @saved_cs_client */;

--
-- Dumping data for table `sys_config_group`
--

LOCK TABLES `sys_config_group` WRITE;
/*!40000 ALTER TABLE `sys_config_group` DISABLE KEYS */;
INSERT INTO `sys_config_group` VALUES (1,'ç³»ç»Ÿå‚æ•°','System','1',NULL,NULL,'2022-07-13 18:19:07',NULL,'2022-07-14 11:32:13'),(2,'æ–‡ä»¶ä¸Šä¼ ','FileUpload','2',NULL,NULL,'2022-07-14 11:34:57',NULL,NULL);
/*!40000 ALTER TABLE `sys_config_group` ENABLE KEYS */;
UNLOCK TABLES;

--
-- Table structure for table `sys_dept`
--

DROP TABLE IF EXISTS `sys_dept`;
/*!40101 SET @saved_cs_client     = @@character_set_client */;
/*!40101 SET character_set_client = utf8 */;
CREATE TABLE `sys_dept` (
  `dept_id` bigint(20) NOT NULL AUTO_INCREMENT COMMENT 'éƒ¨é—¨id',
  `parent_id` bigint(20) DEFAULT '0' COMMENT 'çˆ¶éƒ¨é—¨id',
  `ancestors` varchar(50) DEFAULT '' COMMENT 'ç¥–çº§åˆ—è¡¨',
  `dept_name` varchar(30) DEFAULT '' COMMENT 'éƒ¨é—¨åç§°',
  `order_num` int(4) DEFAULT '0' COMMENT 'æ˜¾ç¤ºé¡ºåº',
  `leader` varchar(20) DEFAULT NULL COMMENT 'è´Ÿè´£äºº',
  `phone` varchar(11) DEFAULT NULL COMMENT 'è”ç³»ç”µè¯',
  `email` varchar(50) DEFAULT NULL COMMENT 'é‚®ç®±',
  `status` char(1) DEFAULT '0' COMMENT 'éƒ¨é—¨çŠ¶æ€ï¼ˆ0æ­£å¸¸ 1åœç”¨ï¼‰',
  `del_flag` char(1) DEFAULT '0' COMMENT 'åˆ é™¤æ ‡å¿—ï¼ˆ0ä»£è¡¨å­˜åœ¨ 2ä»£è¡¨åˆ é™¤ï¼‰',
  `create_by` varchar(64) DEFAULT '' COMMENT 'åˆ›å»ºè€…',
  `create_time` datetime DEFAULT NULL COMMENT 'åˆ›å»ºæ—¶é—´',
  `update_by` varchar(64) DEFAULT '' COMMENT 'æ›´æ–°è€…',
  `update_time` datetime DEFAULT NULL COMMENT 'æ›´æ–°æ—¶é—´',
  PRIMARY KEY (`dept_id`)
) ENGINE=InnoDB AUTO_INCREMENT=110 DEFAULT CHARSET=utf8mb4 COMMENT='éƒ¨é—¨è¡¨';
/*!40101 SET character_set_client = @saved_cs_client */;

--
-- Dumping data for table `sys_dept`
--

LOCK TABLES `sys_dept` WRITE;
/*!40000 ALTER TABLE `sys_dept` DISABLE KEYS */;
INSERT INTO `sys_dept` VALUES (100,0,'0','æ— å¿§æœæŠ€æœ¯',0,'è‹¥ä¾','15888888888','ry@qq.com','0','0','admin','2022-07-01 15:09:12','',NULL),(101,100,'0,100','æ·±åœ³æ€»å…¬å¸',1,'è‹¥ä¾','15888888888','ry@qq.com','0','0','admin','2022-07-01 15:09:12','',NULL),(102,100,'0,100','é•¿æ²™åˆ†å…¬å¸',2,'è‹¥ä¾','15888888888','ry@qq.com','0','0','admin','2022-07-01 15:09:12','',NULL),(103,101,'0,100,101','ç ”å‘éƒ¨é—¨',1,'è‹¥ä¾','15888888888','ry@qq.com','0','0','admin','2022-07-01 15:09:12','',NULL),(104,101,'0,100,101','å¸‚åœºéƒ¨é—¨',2,'è‹¥ä¾','15888888888','ry@qq.com','0','0','admin','2022-07-01 15:09:12','',NULL),(105,101,'0,100,101','æµ‹è¯•éƒ¨é—¨',3,'è‹¥ä¾','15888888888','ry@qq.com','0','0','admin','2022-07-01 15:09:12','',NULL),(106,101,'0,100,101','è´¢åŠ¡éƒ¨é—¨',4,'è‹¥ä¾','15888888888','ry@qq.com','0','0','admin','2022-07-01 15:09:12','',NULL),(107,101,'0,100,101','è¿ç»´éƒ¨é—¨',5,'è‹¥ä¾','15888888888','ry@qq.com','0','0','admin','2022-07-01 15:09:12','',NULL),(108,102,'0,100,102','å¸‚åœºéƒ¨é—¨',1,'è‹¥ä¾','15888888888','ry@qq.com','0','0','admin','2022-07-01 15:09:12','',NULL),(109,102,'0,100,102','è´¢åŠ¡éƒ¨é—¨',2,'è‹¥ä¾','15888888888','ry@qq.com','0','0','admin','2022-07-01 15:09:12','',NULL);
/*!40000 ALTER TABLE `sys_dept` ENABLE KEYS */;
UNLOCK TABLES;

--
-- Table structure for table `sys_dict_data`
--

DROP TABLE IF EXISTS `sys_dict_data`;
/*!40101 SET @saved_cs_client     = @@character_set_client */;
/*!40101 SET character_set_client = utf8 */;
CREATE TABLE `sys_dict_data` (
  `dict_code` bigint(20) NOT NULL AUTO_INCREMENT COMMENT 'å­—å…¸ç¼–ç ',
  `dict_sort` int(4) DEFAULT '0' COMMENT 'å­—å…¸æ’åº',
  `dict_label` varchar(100) DEFAULT '' COMMENT 'å­—å…¸æ ‡ç­¾',
  `dict_value` varchar(100) DEFAULT '' COMMENT 'å­—å…¸é”®å€¼',
  `dict_type` varchar(100) DEFAULT '' COMMENT 'å­—å…¸ç±»å‹',
  `css_class` varchar(100) DEFAULT NULL COMMENT 'æ ·å¼å±æ€§ï¼ˆå…¶ä»–æ ·å¼æ‰©å±•ï¼‰',
  `list_class` varchar(100) DEFAULT NULL COMMENT 'è¡¨æ ¼å›æ˜¾æ ·å¼',
  `is_default` char(1) DEFAULT 'N' COMMENT 'æ˜¯å¦é»˜è®¤ï¼ˆYæ˜¯ Nå¦ï¼‰',
  `status` char(1) DEFAULT '0' COMMENT 'çŠ¶æ€ï¼ˆ0æ­£å¸¸ 1åœç”¨ï¼‰',
  `create_by` varchar(64) DEFAULT '' COMMENT 'åˆ›å»ºè€…',
  `create_time` datetime DEFAULT NULL COMMENT 'åˆ›å»ºæ—¶é—´',
  `update_by` varchar(64) DEFAULT '' COMMENT 'æ›´æ–°è€…',
  `update_time` datetime DEFAULT NULL COMMENT 'æ›´æ–°æ—¶é—´',
  `remark` varchar(500) DEFAULT NULL COMMENT 'å¤‡æ³¨',
  PRIMARY KEY (`dict_code`)
) ENGINE=InnoDB AUTO_INCREMENT=125 DEFAULT CHARSET=utf8mb4 COMMENT='å­—å…¸æ•°æ®è¡¨';
/*!40101 SET character_set_client = @saved_cs_client */;

--
-- Dumping data for table `sys_dict_data`
--

LOCK TABLES `sys_dict_data` WRITE;
/*!40000 ALTER TABLE `sys_dict_data` DISABLE KEYS */;
INSERT INTO `sys_dict_data` VALUES (1,1,'ç”·','0','sys_user_sex','','','Y','0','admin','2022-07-01 15:09:16','',NULL,'æ€§åˆ«ç”·'),(2,2,'å¥³','1','sys_user_sex','','','N','0','admin','2022-07-01 15:09:16','',NULL,'æ€§åˆ«å¥³'),(3,3,'æœªçŸ¥','2','sys_user_sex','','','N','0','admin','2022-07-01 15:09:16','',NULL,'æ€§åˆ«æœªçŸ¥'),(4,1,'æ˜¾ç¤º','0','sys_show_hide','','primary','Y','0','admin','2022-07-01 15:09:16','',NULL,'æ˜¾ç¤ºèœå•'),(5,2,'éšè—','1','sys_show_hide','','danger','N','0','admin','2022-07-01 15:09:16','',NULL,'éšè—èœå•'),(6,1,'æ­£å¸¸','0','sys_normal_disable','','primary','Y','0','admin','2022-07-01 15:09:16','',NULL,'æ­£å¸¸çŠ¶æ€'),(7,2,'åœç”¨','1','sys_normal_disable','','danger','N','0','admin','2022-07-01 15:09:16','',NULL,'åœç”¨çŠ¶æ€'),(8,1,'æ­£å¸¸','0','sys_job_status','','primary','Y','0','admin','2022-07-01 15:09:16','',NULL,'æ­£å¸¸çŠ¶æ€'),(9,2,'æš‚åœ','1','sys_job_status','','danger','N','0','admin','2022-07-01 15:09:16','',NULL,'åœç”¨çŠ¶æ€'),(10,1,'é»˜è®¤','DEFAULT','sys_job_group','','','Y','0','admin','2022-07-01 15:09:16','',NULL,'é»˜è®¤åˆ†ç»„'),(11,2,'ç³»ç»Ÿ','SYSTEM','sys_job_group','','','N','0','admin','2022-07-01 15:09:16','',NULL,'ç³»ç»Ÿåˆ†ç»„'),(12,1,'æ˜¯','Y','sys_yes_no','','primary','Y','0','admin','2022-07-01 15:09:16','',NULL,'ç³»ç»Ÿé»˜è®¤æ˜¯'),(13,2,'å¦','N','sys_yes_no','','danger','N','0','admin','2022-07-01 15:09:16','',NULL,'ç³»ç»Ÿé»˜è®¤å¦'),(14,1,'é€šçŸ¥','1','sys_notice_type','','warning','Y','0','admin','2022-07-01 15:09:16','',NULL,'é€šçŸ¥'),(15,2,'å…¬å‘Š','2','sys_notice_type','','success','N','0','admin','2022-07-01 15:09:16','',NULL,'å…¬å‘Š'),(16,1,'æ­£å¸¸','0','sys_notice_status','','primary','Y','0','admin','2022-07-01 15:09:16','',NULL,'æ­£å¸¸çŠ¶æ€'),(17,2,'å…³é—­','1','sys_notice_status','','danger','N','0','admin','2022-07-01 15:09:16','',NULL,'å…³é—­çŠ¶æ€'),(18,1,'æ–°å¢','1','sys_oper_type','','info','N','0','admin','2022-07-01 15:09:16','',NULL,'æ–°å¢æ“ä½œ'),(19,2,'ä¿®æ”¹','2','sys_oper_type','','info','N','0','admin','2022-07-01 15:09:16','',NULL,'ä¿®æ”¹æ“ä½œ'),(20,3,'åˆ é™¤','3','sys_oper_type','','danger','N','0','admin','2022-07-01 15:09:16','',NULL,'åˆ é™¤æ“ä½œ'),(21,4,'æˆæƒ','4','sys_oper_type','','primary','N','0','admin','2022-07-01 15:09:16','',NULL,'æˆæƒæ“ä½œ'),(22,5,'å¯¼å‡º','5','sys_oper_type','','warning','N','0','admin','2022-07-01 15:09:16','',NULL,'å¯¼å‡ºæ“ä½œ'),(23,6,'å¯¼å…¥','6','sys_oper_type','','warning','N','0','admin','2022-07-01 15:09:17','',NULL,'å¯¼å…¥æ“ä½œ'),(24,7,'å¼ºé€€','7','sys_oper_type','','danger','N','0','admin','2022-07-01 15:09:17','',NULL,'å¼ºé€€æ“ä½œ'),(25,8,'ç”Ÿæˆä»£ç ','8','sys_oper_type','','warning','N','0','admin','2022-07-01 15:09:17','',NULL,'ç”Ÿæˆæ“ä½œ'),(26,9,'æ¸…ç©ºæ•°æ®','9','sys_oper_type','','danger','N','0','admin','2022-07-01 15:09:17','',NULL,'æ¸…ç©ºæ“ä½œ'),(27,1,'æˆåŠŸ','0','sys_common_status','','primary','N','0','admin','2022-07-01 15:09:17','',NULL,'æ­£å¸¸çŠ¶æ€'),(28,2,'å¤±è´¥','1','sys_common_status','','danger','N','0','admin','2022-07-01 15:09:17','',NULL,'åœç”¨çŠ¶æ€'),(100,0,'é€‰æ‹©é¢˜','0','subject_types',NULL,'default','N','0','Dincat','2022-07-16 10:21:39','',NULL,NULL),(101,0,'ç®€ç­”é¢˜','1','subject_types',NULL,'default','N','0','Dincat','2022-07-16 10:21:52','',NULL,NULL),(102,0,'åˆ¤æ–­é¢˜','2','subject_types',NULL,'default','N','0','Dincat','2022-07-16 10:22:03','',NULL,NULL),(103,0,'å¤šé€‰é¢˜','3','subject_types',NULL,'default','N','0','Dincat','2022-07-16 10:22:23','',NULL,NULL),(104,0,'æ­£ç¡®','0','answer_types',NULL,'default','N','0','Dincat','2022-07-16 10:22:40','',NULL,NULL),(105,0,'é”™è¯¯','1','answer_types',NULL,'default','N','0','Dincat','2022-07-16 10:22:51','',NULL,NULL),(106,0,'æ­£å¸¸','0','delete_flag',NULL,'success','N','0','Dincat','2022-07-16 10:23:14','',NULL,NULL),(107,0,'åˆ é™¤','1','delete_flag',NULL,'danger','N','0','Dincat','2022-07-16 10:23:23','',NULL,NULL),(108,0,'å¾…æ‰¹æ”¹','0','mark_status',NULL,'info','N','0','Dincat','2022-07-16 10:24:02','',NULL,NULL),(109,0,'å·²æ‰¹æ”¹','1','mark_status',NULL,'primary','N','0','Dincat','2022-07-16 10:24:15','',NULL,NULL),(110,0,'æ­£åœ¨ç»Ÿè®¡','2','mark_status',NULL,'info','N','0','Dincat','2022-07-16 10:24:27','',NULL,NULL),(111,0,'ç»Ÿè®¡å®Œæˆ','3','mark_status',NULL,'success','N','0','Dincat','2022-07-16 10:24:40','',NULL,NULL),(112,0,'æ­£å¼è€ƒè¯•','0','examination_type',NULL,'default','N','0','Dincat','2022-07-16 10:25:37','',NULL,NULL),(113,0,'æ¨¡æ‹Ÿè€ƒè¯•','1','examination_type',NULL,'default','N','0','Dincat','2022-07-16 10:25:53','',NULL,NULL),(114,0,'ç»ƒä¹ ','2','examination_type',NULL,'default','N','0','Dincat','2022-07-16 10:26:00','',NULL,NULL),(115,0,'è°ƒæŸ¥é—®å·','3','examination_type',NULL,'default','N','0','Dincat','2022-07-16 10:26:12','',NULL,NULL),(116,0,'å·²å‘å¸ƒ','0','exam_publish_status',NULL,'success','N','0','Dincat','2022-07-16 10:26:36','Dincat','2022-07-16 10:26:51',NULL),(117,0,'è‰ç¨¿','1','exam_publish_status',NULL,'default','N','0','Dincat','2022-07-16 10:26:45','',NULL,NULL),(118,0,'éªŒè¯ç ','validate_code','sms_types',NULL,'default','N','0','Dincat','2022-07-16 10:27:15','',NULL,NULL),(119,0,'é€šçŸ¥','notify','sms_types',NULL,'default','N','0','Dincat','2022-07-16 10:27:28','',NULL,NULL),(120,0,'å¾…å®¡æ ¸','waitting','sys_audit_status',NULL,'info','N','0','Dincat','2022-07-16 10:27:48','',NULL,NULL),(121,0,'å®¡æ ¸æˆåŠŸ','success','sys_audit_status',NULL,'success','N','0','Dincat','2022-07-16 10:28:01','',NULL,NULL),(122,0,'é©³å›','reject','sys_audit_status',NULL,'warning','N','0','Dincat','2022-07-16 10:28:17','',NULL,NULL),(123,0,'å¤±è´¥','fail','sys_audit_status',NULL,'danger','N','0','Dincat','2022-07-16 10:28:29','',NULL,NULL),(124,0,'é˜¿é‡Œäº‘','Aliyun','sms_platform',NULL,'info','N','0','Dincat','2022-07-16 10:28:57','',NULL,NULL);
/*!40000 ALTER TABLE `sys_dict_data` ENABLE KEYS */;
UNLOCK TABLES;

--
-- Table structure for table `sys_dict_type`
--

DROP TABLE IF EXISTS `sys_dict_type`;
/*!40101 SET @saved_cs_client     = @@character_set_client */;
/*!40101 SET character_set_client = utf8 */;
CREATE TABLE `sys_dict_type` (
  `dict_id` bigint(20) NOT NULL AUTO_INCREMENT COMMENT 'å­—å…¸ä¸»é”®',
  `dict_name` varchar(100) DEFAULT '' COMMENT 'å­—å…¸åç§°',
  `dict_type` varchar(100) DEFAULT '' COMMENT 'å­—å…¸ç±»å‹',
  `status` char(1) DEFAULT '0' COMMENT 'çŠ¶æ€ï¼ˆ0æ­£å¸¸ 1åœç”¨ï¼‰',
  `create_by` varchar(64) DEFAULT '' COMMENT 'åˆ›å»ºè€…',
  `create_time` datetime DEFAULT NULL COMMENT 'åˆ›å»ºæ—¶é—´',
  `update_by` varchar(64) DEFAULT '' COMMENT 'æ›´æ–°è€…',
  `update_time` datetime DEFAULT NULL COMMENT 'æ›´æ–°æ—¶é—´',
  `remark` varchar(500) DEFAULT NULL COMMENT 'å¤‡æ³¨',
  PRIMARY KEY (`dict_id`),
  UNIQUE KEY `dict_type` (`dict_type`)
) ENGINE=InnoDB AUTO_INCREMENT=109 DEFAULT CHARSET=utf8mb4 COMMENT='å­—å…¸ç±»å‹è¡¨';
/*!40101 SET character_set_client = @saved_cs_client */;

--
-- Dumping data for table `sys_dict_type`
--

LOCK TABLES `sys_dict_type` WRITE;
/*!40000 ALTER TABLE `sys_dict_type` DISABLE KEYS */;
INSERT INTO `sys_dict_type` VALUES (1,'ç”¨æˆ·æ€§åˆ«','sys_user_sex','0','admin','2022-07-01 15:09:16','',NULL,'ç”¨æˆ·æ€§åˆ«åˆ—è¡¨'),(2,'èœå•çŠ¶æ€','sys_show_hide','0','admin','2022-07-01 15:09:16','',NULL,'èœå•çŠ¶æ€åˆ—è¡¨'),(3,'ç³»ç»Ÿå¼€å…³','sys_normal_disable','0','admin','2022-07-01 15:09:16','',NULL,'ç³»ç»Ÿå¼€å…³åˆ—è¡¨'),(4,'ä»»åŠ¡çŠ¶æ€','sys_job_status','0','admin','2022-07-01 15:09:16','',NULL,'ä»»åŠ¡çŠ¶æ€åˆ—è¡¨'),(5,'ä»»åŠ¡åˆ†ç»„','sys_job_group','0','admin','2022-07-01 15:09:16','',NULL,'ä»»åŠ¡åˆ†ç»„åˆ—è¡¨'),(6,'ç³»ç»Ÿæ˜¯å¦','sys_yes_no','0','admin','2022-07-01 15:09:16','',NULL,'ç³»ç»Ÿæ˜¯å¦åˆ—è¡¨'),(7,'é€šçŸ¥ç±»å‹','sys_notice_type','0','admin','2022-07-01 15:09:16','',NULL,'é€šçŸ¥ç±»å‹åˆ—è¡¨'),(8,'é€šçŸ¥çŠ¶æ€','sys_notice_status','0','admin','2022-07-01 15:09:16','',NULL,'é€šçŸ¥çŠ¶æ€åˆ—è¡¨'),(9,'æ“ä½œç±»å‹','sys_oper_type','0','admin','2022-07-01 15:09:16','',NULL,'æ“ä½œç±»å‹åˆ—è¡¨'),(10,'ç³»ç»ŸçŠ¶æ€','sys_common_status','0','admin','2022-07-01 15:09:16','',NULL,'ç™»å½•çŠ¶æ€åˆ—è¡¨'),(100,'é¢˜ç›®ç±»å‹','subject_types','0','Dincat','2022-07-16 10:19:10','',NULL,NULL),(101,'ä½œç­”ç»“æœ','answer_types','0','Dincat','2022-07-16 10:19:22','',NULL,NULL),(102,'åˆ é™¤æ ‡è®°','delete_flag','0','Dincat','2022-07-16 10:19:33','',NULL,NULL),(103,'è€ƒè¯•æ‰¹æ”¹çŠ¶æ€','mark_status','0','Dincat','2022-07-16 10:19:42','',NULL,NULL),(104,'è€ƒè¯•ç±»å‹','examination_type','0','Dincat','2022-07-16 10:20:15','',NULL,NULL),(105,'è€ƒè¯•æ¨¡å—å‘å¸ƒçŠ¶æ€','exam_publish_status','0','Dincat','2022-07-16 10:20:30','',NULL,NULL),(106,'çŸ­ä¿¡ç±»å‹','sms_types','0','Dincat','2022-07-16 10:20:46','',NULL,NULL),(107,'å®¡æ ¸çŠ¶æ€','sys_audit_status','0','Dincat','2022-07-16 10:20:56','',NULL,NULL),(108,'çŸ­ä¿¡å¹³å°','sms_platform','0','Dincat','2022-07-16 10:21:05','',NULL,NULL);
/*!40000 ALTER TABLE `sys_dict_type` ENABLE KEYS */;
UNLOCK TABLES;

--
-- Table structure for table `sys_job`
--

DROP TABLE IF EXISTS `sys_job`;
/*!40101 SET @saved_cs_client     = @@character_set_client */;
/*!40101 SET character_set_client = utf8 */;
CREATE TABLE `sys_job` (
  `job_id` bigint(20) NOT NULL AUTO_INCREMENT COMMENT 'ä»»åŠ¡ID',
  `job_name` varchar(64) NOT NULL DEFAULT '' COMMENT 'ä»»åŠ¡åç§°',
  `job_group` varchar(64) NOT NULL DEFAULT 'DEFAULT' COMMENT 'ä»»åŠ¡ç»„å',
  `invoke_target` varchar(500) NOT NULL COMMENT 'è°ƒç”¨ç›®æ ‡å­—ç¬¦ä¸²',
  `cron_expression` varchar(255) DEFAULT '' COMMENT 'cronæ‰§è¡Œè¡¨è¾¾å¼',
  `misfire_policy` varchar(20) DEFAULT '3' COMMENT 'è®¡åˆ’æ‰§è¡Œé”™è¯¯ç­–ç•¥ï¼ˆ1ç«‹å³æ‰§è¡Œ 2æ‰§è¡Œä¸€æ¬¡ 3æ”¾å¼ƒæ‰§è¡Œï¼‰',
  `concurrent` char(1) DEFAULT '1' COMMENT 'æ˜¯å¦å¹¶å‘æ‰§è¡Œï¼ˆ0å…è®¸ 1ç¦æ­¢ï¼‰',
  `status` char(1) DEFAULT '0' COMMENT 'çŠ¶æ€ï¼ˆ0æ­£å¸¸ 1æš‚åœï¼‰',
  `create_by` varchar(64) DEFAULT '' COMMENT 'åˆ›å»ºè€…',
  `create_time` datetime DEFAULT NULL COMMENT 'åˆ›å»ºæ—¶é—´',
  `update_by` varchar(64) DEFAULT '' COMMENT 'æ›´æ–°è€…',
  `update_time` datetime DEFAULT NULL COMMENT 'æ›´æ–°æ—¶é—´',
  `remark` varchar(500) DEFAULT '' COMMENT 'å¤‡æ³¨ä¿¡æ¯',
  PRIMARY KEY (`job_id`,`job_name`,`job_group`)
) ENGINE=InnoDB AUTO_INCREMENT=4 DEFAULT CHARSET=utf8mb4 COMMENT='å®šæ—¶ä»»åŠ¡è°ƒåº¦è¡¨';
/*!40101 SET character_set_client = @saved_cs_client */;

--
-- Dumping data for table `sys_job`
--

LOCK TABLES `sys_job` WRITE;
/*!40000 ALTER TABLE `sys_job` DISABLE KEYS */;
INSERT INTO `sys_job` VALUES (1,'ç³»ç»Ÿé»˜è®¤ï¼ˆæ— å‚ï¼‰','DEFAULT','ryTask.ryNoParams','0/10 * * * * ?','3','1','1','admin','2022-07-01 15:09:17','',NULL,''),(2,'ç³»ç»Ÿé»˜è®¤ï¼ˆæœ‰å‚ï¼‰','DEFAULT','ryTask.ryParams(\'ry\')','0/15 * * * * ?','3','1','1','admin','2022-07-01 15:09:17','',NULL,''),(3,'ç³»ç»Ÿé»˜è®¤ï¼ˆå¤šå‚ï¼‰','DEFAULT','ryTask.ryMultipleParams(\'ry\', true, 2000L, 316.50D, 100)','0/20 * * * * ?','3','1','1','admin','2022-07-01 15:09:17','',NULL,'');
/*!40000 ALTER TABLE `sys_job` ENABLE KEYS */;
UNLOCK TABLES;

--
-- Table structure for table `sys_job_log`
--

DROP TABLE IF EXISTS `sys_job_log`;
/*!40101 SET @saved_cs_client     = @@character_set_client */;
/*!40101 SET character_set_client = utf8 */;
CREATE TABLE `sys_job_log` (
  `job_log_id` bigint(20) NOT NULL AUTO_INCREMENT COMMENT 'ä»»åŠ¡æ—¥å¿—ID',
  `job_name` varchar(64) NOT NULL COMMENT 'ä»»åŠ¡åç§°',
  `job_group` varchar(64) NOT NULL COMMENT 'ä»»åŠ¡ç»„å',
  `invoke_target` varchar(500) NOT NULL COMMENT 'è°ƒç”¨ç›®æ ‡å­—ç¬¦ä¸²',
  `job_message` varchar(500) DEFAULT NULL COMMENT 'æ—¥å¿—ä¿¡æ¯',
  `status` char(1) DEFAULT '0' COMMENT 'æ‰§è¡ŒçŠ¶æ€ï¼ˆ0æ­£å¸¸ 1å¤±è´¥ï¼‰',
  `exception_info` varchar(2000) DEFAULT '' COMMENT 'å¼‚å¸¸ä¿¡æ¯',
  `create_time` datetime DEFAULT NULL COMMENT 'åˆ›å»ºæ—¶é—´',
  PRIMARY KEY (`job_log_id`)
) ENGINE=InnoDB DEFAULT CHARSET=utf8mb4 COMMENT='å®šæ—¶ä»»åŠ¡è°ƒåº¦æ—¥å¿—è¡¨';
/*!40101 SET character_set_client = @saved_cs_client */;

--
-- Dumping data for table `sys_job_log`
--

LOCK TABLES `sys_job_log` WRITE;
/*!40000 ALTER TABLE `sys_job_log` DISABLE KEYS */;
/*!40000 ALTER TABLE `sys_job_log` ENABLE KEYS */;
UNLOCK TABLES;

--
-- Table structure for table `sys_logininfor`
--

DROP TABLE IF EXISTS `sys_logininfor`;
/*!40101 SET @saved_cs_client     = @@character_set_client */;
/*!40101 SET character_set_client = utf8 */;
CREATE TABLE `sys_logininfor` (
  `info_id` bigint(20) NOT NULL AUTO_INCREMENT COMMENT 'è®¿é—®ID',
  `user_name` varchar(50) DEFAULT '' COMMENT 'ç”¨æˆ·è´¦å·',
  `ipaddr` varchar(128) DEFAULT '' COMMENT 'ç™»å½•IPåœ°å€',
  `status` char(1) DEFAULT '0' COMMENT 'ç™»å½•çŠ¶æ€ï¼ˆ0æˆåŠŸ 1å¤±è´¥ï¼‰',
  `msg` varchar(255) DEFAULT '' COMMENT 'æç¤ºä¿¡æ¯',
  `access_time` datetime DEFAULT NULL COMMENT 'è®¿é—®æ—¶é—´',
  PRIMARY KEY (`info_id`)
) ENGINE=InnoDB AUTO_INCREMENT=132 DEFAULT CHARSET=utf8mb4 COMMENT='ç³»ç»Ÿè®¿é—®è®°å½•';
/*!40101 SET character_set_client = @saved_cs_client */;

--
-- Dumping data for table `sys_logininfor`
--

LOCK TABLES `sys_logininfor` WRITE;
/*!40000 ALTER TABLE `sys_logininfor` DISABLE KEYS */;
INSERT INTO `sys_logininfor` VALUES (100,'Dincat','127.0.0.1','0','ç™»å½•æˆåŠŸ','2022-07-02 18:15:31'),(101,'Dincat','127.0.0.1','0','ç™»å½•æˆåŠŸ','2022-07-02 23:21:45'),(102,'Dincat','127.0.0.1','0','ç™»å½•æˆåŠŸ','2022-07-02 23:39:42'),(103,'Dincat','192.168.11.104','0','ç™»å½•æˆåŠŸ','2022-07-05 16:47:47'),(104,'Dincat','192.168.11.104','0','ç™»å½•æˆåŠŸ','2022-07-05 18:00:21'),(105,'Dincat','192.168.1.147','1','ç”¨æˆ·å¯†ç é”™è¯¯','2022-07-05 23:27:02'),(106,'Dincat','192.168.1.147','0','ç™»å½•æˆåŠŸ','2022-07-05 23:27:07'),(107,'Dincat','127.0.0.1','0','ç™»å½•æˆåŠŸ','2022-07-12 11:02:28'),(108,'Dincat','127.0.0.1','0','ç™»å½•æˆåŠŸ','2022-07-13 17:20:16'),(109,'Dincat','192.168.1.147','0','ç™»å½•æˆåŠŸ','2022-07-13 20:31:45'),(110,'Dincat','127.0.0.1','0','é€€å‡ºæˆåŠŸ','2022-07-14 10:27:38'),(111,'Dincat','127.0.0.1','0','ç™»å½•æˆåŠŸ','2022-07-14 11:27:25'),(112,'Dincat','127.0.0.1','0','ç™»å½•æˆåŠŸ','2022-07-14 11:38:04'),(113,'Dincat','127.0.0.1','0','ç™»å½•æˆåŠŸ','2022-07-14 18:02:04'),(114,'Dincat','192.168.1.147','0','é€€å‡ºæˆåŠŸ','2022-07-14 20:41:16'),(115,'Dincat','192.168.1.147','0','ç™»å½•æˆåŠŸ','2022-07-14 20:44:10'),(116,'Dincat','127.0.0.1','0','é€€å‡ºæˆåŠŸ','2022-07-15 10:04:26'),(117,'Dincat','127.0.0.1','0','ç™»å½•æˆåŠŸ','2022-07-15 10:04:30'),(118,'Dincat','192.168.11.19','0','ç™»å½•æˆåŠŸ','2022-07-15 12:33:11'),(119,'Dincat','192.168.1.147','0','é€€å‡ºæˆåŠŸ','2022-07-15 12:50:18'),(120,'Dincat','127.0.0.1','0','é€€å‡ºæˆåŠŸ','2022-07-16 09:33:02'),(121,'Dincat','127.0.0.1','0','ç™»å½•æˆåŠŸ','2022-07-16 09:33:07'),(122,'Dincat','127.0.0.1','0','ç™»å½•æˆåŠŸ','2022-07-16 11:31:23'),(123,'Dincat','192.168.11.19','0','é€€å‡ºæˆåŠŸ','2022-07-16 15:54:17'),(124,'Dincat','127.0.0.1','0','é€€å‡ºæˆåŠŸ','2022-07-16 17:14:15'),(125,'admin','127.0.0.1','0','ç™»å½•æˆåŠŸ','2022-07-16 17:17:17'),(126,'admin','127.0.0.1','0','é€€å‡ºæˆåŠŸ','2022-07-16 17:19:42'),(127,'admin','127.0.0.1','0','ç™»å½•æˆåŠŸ','2022-07-16 17:20:15'),(128,'admin','127.0.0.1','0','ç™»å½•æˆåŠŸ','2022-07-16 17:34:58'),(129,'admin','127.0.0.1','0','ç™»å½•æˆåŠŸ','2022-07-16 23:26:42'),(130,'admin','192.168.1.147','0','é€€å‡ºæˆåŠŸ','2022-08-25 14:57:11'),(131,'admin','192.168.1.147','0','ç™»å½•æˆåŠŸ','2022-08-25 14:57:18');
/*!40000 ALTER TABLE `sys_logininfor` ENABLE KEYS */;
UNLOCK TABLES;

--
-- Table structure for table `sys_material`
--

DROP TABLE IF EXISTS `sys_material`;
/*!40101 SET @saved_cs_client     = @@character_set_client */;
/*!40101 SET character_set_client = utf8 */;
CREATE TABLE `sys_material` (
  `material_id` bigint(20) NOT NULL AUTO_INCREMENT COMMENT 'ç´ æId',
  `folder_id` bigint(20) DEFAULT '0' COMMENT 'åˆ†ç±»Id',
  `material_nick` varchar(100) DEFAULT NULL COMMENT 'ç´ ææ˜µç§°',
  `material_name` varchar(100) DEFAULT NULL COMMENT 'ç´ æåç§°',
  `material_original_name` varchar(100) DEFAULT NULL COMMENT 'åŸå›¾åç§°',
  `material_url` varchar(500) DEFAULT NULL COMMENT 'ç´ æåœ°å€',
  `material_original_url` varchar(500) DEFAULT NULL COMMENT 'åŸå›¾åœ°å€',
  `material_size` decimal(8,4) DEFAULT NULL COMMENT 'ç´ æå¤§å°',
  `type` char(1) DEFAULT '0' COMMENT 'ç´ æç±»å‹ï¼ˆ0é»˜è®¤ç´ æ 1ç³»ç»Ÿç´ æï¼‰',
  `sort` int(10) unsigned DEFAULT '0' COMMENT 'æ˜¾ç¤ºé¡ºåº',
  `status` char(1) DEFAULT '0' COMMENT 'çŠ¶æ€ï¼ˆ0æ­£å¸¸ 1åœç”¨ï¼‰',
  `create_by` bigint(20) DEFAULT NULL COMMENT 'åˆ›å»ºè€…',
  `create_time` datetime DEFAULT CURRENT_TIMESTAMP COMMENT 'åˆ›å»ºæ—¶é—´',
  `update_by` bigint(20) DEFAULT NULL COMMENT 'æ›´æ–°è€…',
  `update_time` datetime DEFAULT NULL ON UPDATE CURRENT_TIMESTAMP COMMENT 'æ›´æ–°æ—¶é—´',
  `del_flag` tinyint(4) DEFAULT '0' COMMENT 'åˆ é™¤æ ‡å¿—ï¼ˆ0æ­£å¸¸ 1åˆ é™¤ï¼‰',
  `tenant_id` bigint(20) DEFAULT NULL COMMENT 'ç§Ÿæˆ·Id',
  `file_type` int(2) DEFAULT NULL,
  PRIMARY KEY (`material_id`)
) ENGINE=InnoDB AUTO_INCREMENT=56 DEFAULT CHARSET=utf8mb4 COMMENT='ç´ æä¿¡æ¯è¡¨';
/*!40101 SET character_set_client = @saved_cs_client */;

--
-- Dumping data for table `sys_material`
--

LOCK TABLES `sys_material` WRITE;
/*!40000 ALTER TABLE `sys_material` DISABLE KEYS */;
INSERT INTO `sys_material` VALUES (53,0,'blob','e7014928-34c2-49f4-994c-f80b4c6bc9ba.jpg','blob','http://192.168.11.19:9300/statics/wyg-test/avatar/2022/07/15/e7014928-34c2-49f4-994c-f80b4c6bc9ba.jpg','http://192.168.11.19:9300/statics/wyg-test/avatar/2022/07/15/e7014928-34c2-49f4-994c-f80b4c6bc9ba.jpg',0.0344,'0',0,'0',NULL,'2022-07-15 17:36:57',NULL,NULL,0,NULL,NULL),(54,0,'aae5899f-1b6a-45a4-b95f-0b0375c10837.jpg','aae5899f-1b6a-45a4-b95f-0b0375c10837.jpg','aae5899f-1b6a-45a4-b95f-0b0375c10837.jpg','http://192.168.11.19:9300/statics/wyg-test/avatar/2022/07/15/aae5899f-1b6a-45a4-b95f-0b0375c10837.jpg','wyg-test/avatar/2022/07/15/aae5899f-1b6a-45a4-b95f-0b0375c10837.jpg',0.0440,'0',0,'0',NULL,'2022-07-15 17:44:30',NULL,NULL,0,NULL,NULL),(55,0,'SC01C11.jpg','069b3f27-9e16-4ca2-bcb9-b97de124b980.jpg','SC01C11.jpg','http://192.168.11.19:9300/statics/wyg-test/wyg-test/2022/07/16/069b3f27-9e16-4ca2-bcb9-b97de124b980.jpg','wyg-test/wyg-test/2022/07/16/069b3f27-9e16-4ca2-bcb9-b97de124b980.jpg',0.5529,'0',0,'0',NULL,'2022-07-16 09:43:09',NULL,NULL,0,NULL,NULL);
/*!40000 ALTER TABLE `sys_material` ENABLE KEYS */;
UNLOCK TABLES;

--
-- Table structure for table `sys_material_folder`
--

DROP TABLE IF EXISTS `sys_material_folder`;
/*!40101 SET @saved_cs_client     = @@character_set_client */;
/*!40101 SET character_set_client = utf8 */;
CREATE TABLE `sys_material_folder` (
  `folder_id` bigint(20) NOT NULL AUTO_INCREMENT COMMENT 'åˆ†ç±»Id',
  `parent_id` bigint(20) DEFAULT '0' COMMENT 'çˆ¶ç±»Id',
  `folder_name` varchar(100) DEFAULT NULL COMMENT 'åˆ†ç±»åç§°',
  `ancestors` varchar(500) DEFAULT '' COMMENT 'ç¥–çº§åˆ—è¡¨',
  `type` char(1) DEFAULT '0' COMMENT 'åˆ†ç±»ç±»å‹ï¼ˆ0é»˜è®¤æ–‡ä»¶å¤¹ 1ç³»ç»Ÿæ–‡ä»¶å¤¹ï¼‰',
  `sort` int(10) unsigned DEFAULT '0' COMMENT 'æ˜¾ç¤ºé¡ºåº',
  `status` char(1) DEFAULT '0' COMMENT 'çŠ¶æ€ï¼ˆ0æ­£å¸¸ 1åœç”¨ï¼‰',
  `create_by` bigint(20) DEFAULT NULL COMMENT 'åˆ›å»ºè€…',
  `create_time` datetime DEFAULT CURRENT_TIMESTAMP COMMENT 'åˆ›å»ºæ—¶é—´',
  `update_by` bigint(20) DEFAULT NULL COMMENT 'æ›´æ–°è€…',
  `update_time` datetime DEFAULT NULL ON UPDATE CURRENT_TIMESTAMP COMMENT 'æ›´æ–°æ—¶é—´',
  `del_flag` tinyint(4) DEFAULT '0' COMMENT 'åˆ é™¤æ ‡å¿—ï¼ˆ0æ­£å¸¸ 1åˆ é™¤ï¼‰',
  `tenant_id` bigint(20) DEFAULT NULL COMMENT 'ç§Ÿæˆ·Id',
  PRIMARY KEY (`folder_id`)
) ENGINE=InnoDB DEFAULT CHARSET=utf8mb4 COMMENT='ç´ æåˆ†ç±»è¡¨';
/*!40101 SET character_set_client = @saved_cs_client */;

--
-- Dumping data for table `sys_material_folder`
--

LOCK TABLES `sys_material_folder` WRITE;
/*!40000 ALTER TABLE `sys_material_folder` DISABLE KEYS */;
/*!40000 ALTER TABLE `sys_material_folder` ENABLE KEYS */;
UNLOCK TABLES;

--
-- Table structure for table `sys_menu`
--

DROP TABLE IF EXISTS `sys_menu`;
/*!40101 SET @saved_cs_client     = @@character_set_client */;
/*!40101 SET character_set_client = utf8 */;
CREATE TABLE `sys_menu` (
  `menu_id` bigint(20) NOT NULL AUTO_INCREMENT COMMENT 'èœå•ID',
  `menu_name` varchar(50) NOT NULL COMMENT 'èœå•åç§°',
  `parent_id` bigint(20) DEFAULT '0' COMMENT 'çˆ¶èœå•ID',
  `order_num` int(4) DEFAULT '0' COMMENT 'æ˜¾ç¤ºé¡ºåº',
  `path` varchar(200) DEFAULT '' COMMENT 'è·¯ç”±åœ°å€',
  `component` varchar(255) DEFAULT NULL COMMENT 'ç»„ä»¶è·¯å¾„',
  `query` varchar(255) DEFAULT NULL COMMENT 'è·¯ç”±å‚æ•°',
  `is_frame` int(1) DEFAULT '1' COMMENT 'æ˜¯å¦ä¸ºå¤–é“¾ï¼ˆ0æ˜¯ 1å¦ï¼‰',
  `is_cache` int(1) DEFAULT '0' COMMENT 'æ˜¯å¦ç¼“å­˜ï¼ˆ0ç¼“å­˜ 1ä¸ç¼“å­˜ï¼‰',
  `menu_type` char(1) DEFAULT '' COMMENT 'èœå•ç±»å‹ï¼ˆMç›®å½• Cèœå• FæŒ‰é’®ï¼‰',
  `visible` char(1) DEFAULT '0' COMMENT 'èœå•çŠ¶æ€ï¼ˆ0æ˜¾ç¤º 1éšè—ï¼‰',
  `status` char(1) DEFAULT '0' COMMENT 'èœå•çŠ¶æ€ï¼ˆ0æ­£å¸¸ 1åœç”¨ï¼‰',
  `perms` varchar(100) DEFAULT NULL COMMENT 'æƒé™æ ‡è¯†',
  `icon` varchar(100) DEFAULT '#' COMMENT 'èœå•å›¾æ ‡',
  `create_by` varchar(64) DEFAULT '' COMMENT 'åˆ›å»ºè€…',
  `create_time` datetime DEFAULT NULL COMMENT 'åˆ›å»ºæ—¶é—´',
  `update_by` varchar(64) DEFAULT '' COMMENT 'æ›´æ–°è€…',
  `update_time` datetime DEFAULT NULL COMMENT 'æ›´æ–°æ—¶é—´',
  `remark` varchar(500) DEFAULT '' COMMENT 'å¤‡æ³¨',
  PRIMARY KEY (`menu_id`)
) ENGINE=InnoDB AUTO_INCREMENT=2139 DEFAULT CHARSET=utf8mb4 COMMENT='èœå•æƒé™è¡¨';
/*!40101 SET character_set_client = @saved_cs_client */;

--
-- Dumping data for table `sys_menu`
--

LOCK TABLES `sys_menu` WRITE;
/*!40000 ALTER TABLE `sys_menu` DISABLE KEYS */;
INSERT INTO `sys_menu` VALUES (1,'ç³»ç»Ÿç®¡ç†',0,1,'system',NULL,'',1,0,'M','0','0','','system','admin','2022-07-01 15:09:13','',NULL,'ç³»ç»Ÿç®¡ç†ç›®å½•'),(2,'ç³»ç»Ÿç›‘æ§',0,2,'monitor',NULL,'',1,0,'M','0','0','','monitor','admin','2022-07-01 15:09:13','',NULL,'ç³»ç»Ÿç›‘æ§ç›®å½•'),(3,'ç³»ç»Ÿå·¥å…·',0,3,'tool',NULL,'',1,0,'M','0','0','','tool','admin','2022-07-01 15:09:13','',NULL,'ç³»ç»Ÿå·¥å…·ç›®å½•'),(100,'ç”¨æˆ·ç®¡ç†',1,1,'user','system/user/index','',1,0,'C','0','0','system:user:list','user','admin','2022-07-01 15:09:13','',NULL,'ç”¨æˆ·ç®¡ç†èœå•'),(101,'è§’è‰²ç®¡ç†',1,2,'role','system/role/index','',1,0,'C','0','0','system:role:list','peoples','admin','2022-07-01 15:09:13','',NULL,'è§’è‰²ç®¡ç†èœå•'),(102,'èœå•ç®¡ç†',1,3,'menu','system/menu/index','',1,0,'C','0','0','system:menu:list','tree-table','admin','2022-07-01 15:09:13','',NULL,'èœå•ç®¡ç†èœå•'),(103,'éƒ¨é—¨ç®¡ç†',1,4,'dept','system/dept/index','',1,0,'C','0','0','system:dept:list','tree','admin','2022-07-01 15:09:13','',NULL,'éƒ¨é—¨ç®¡ç†èœå•'),(104,'å²—ä½ç®¡ç†',1,5,'post','system/post/index','',1,0,'C','0','0','system:post:list','post','admin','2022-07-01 15:09:13','',NULL,'å²—ä½ç®¡ç†èœå•'),(105,'å­—å…¸ç®¡ç†',1,6,'dict','system/dict/index','',1,0,'C','0','0','system:dict:list','dict','admin','2022-07-01 15:09:13','',NULL,'å­—å…¸ç®¡ç†èœå•'),(106,'å‚æ•°è®¾ç½®',1,7,'config','system/config/index','',1,0,'C','0','0','system:config:list','edit','admin','2022-07-01 15:09:13','',NULL,'å‚æ•°è®¾ç½®èœå•'),(107,'é€šçŸ¥å…¬å‘Š',1,8,'notice','system/notice/index','',1,0,'C','0','0','system:notice:list','message','admin','2022-07-01 15:09:13','',NULL,'é€šçŸ¥å…¬å‘Šèœå•'),(108,'æ—¥å¿—ç®¡ç†',1,9,'log','','',1,0,'M','0','0','','log','admin','2022-07-01 15:09:13','',NULL,'æ—¥å¿—ç®¡ç†èœå•'),(109,'åœ¨çº¿ç”¨æˆ·',2,1,'online','monitor/online/index','',1,0,'C','0','0','monitor:online:list','online','admin','2022-07-01 15:09:13','',NULL,'åœ¨çº¿ç”¨æˆ·èœå•'),(110,'å®šæ—¶ä»»åŠ¡',2,2,'job','monitor/job/index','',1,0,'C','0','0','monitor:job:list','job','admin','2022-07-01 15:09:13','',NULL,'å®šæ—¶ä»»åŠ¡èœå•'),(111,'Sentinelæ§åˆ¶å°',2,3,'http://localhost:8718','','',0,0,'C','0','0','monitor:sentinel:list','sentinel','admin','2022-07-01 15:09:13','',NULL,'æµé‡æ§åˆ¶èœå•'),(112,'Nacosæ§åˆ¶å°',2,4,'http://localhost:8848/nacos','','',0,0,'C','0','0','monitor:nacos:list','nacos','admin','2022-07-01 15:09:13','',NULL,'æœåŠ¡æ²»ç†èœå•'),(113,'Adminæ§åˆ¶å°',2,5,'http://localhost:9100/login','','',0,0,'C','0','0','monitor:server:list','server','admin','2022-07-01 15:09:13','',NULL,'æœåŠ¡ç›‘æ§èœå•'),(114,'è¡¨å•æ„å»º',3,1,'build','tool/build/index','',1,0,'C','0','0','tool:build:list','build','admin','2022-07-01 15:09:13','',NULL,'è¡¨å•æ„å»ºèœå•'),(115,'ä»£ç ç”Ÿæˆ',3,2,'gen','tool/gen/index','',1,0,'C','0','0','tool:gen:list','code','admin','2022-07-01 15:09:13','',NULL,'ä»£ç ç”Ÿæˆèœå•'),(116,'ç³»ç»Ÿæ¥å£',3,3,'http://localhost:8080/swagger-ui/index.html','','',0,0,'C','0','0','tool:swagger:list','swagger','admin','2022-07-01 15:09:13','',NULL,'ç³»ç»Ÿæ¥å£èœå•'),(500,'æ“ä½œæ—¥å¿—',108,1,'operlog','system/operlog/index','',1,0,'C','0','0','system:operlog:list','form','admin','2022-07-01 15:09:13','',NULL,'æ“ä½œæ—¥å¿—èœå•'),(501,'ç™»å½•æ—¥å¿—',108,2,'logininfor','system/logininfor/index','',1,0,'C','0','0','system:logininfor:list','logininfor','admin','2022-07-01 15:09:13','',NULL,'ç™»å½•æ—¥å¿—èœå•'),(1000,'ç”¨æˆ·æŸ¥è¯¢',100,1,'','','',1,0,'F','0','0','system:user:query','#','admin','2022-07-01 15:09:13','',NULL,''),(1001,'ç”¨æˆ·æ–°å¢',100,2,'','','',1,0,'F','0','0','system:user:add','#','admin','2022-07-01 15:09:13','',NULL,''),(1002,'ç”¨æˆ·ä¿®æ”¹',100,3,'','','',1,0,'F','0','0','system:user:edit','#','admin','2022-07-01 15:09:13','',NULL,''),(1003,'ç”¨æˆ·åˆ é™¤',100,4,'','','',1,0,'F','0','0','system:user:remove','#','admin','2022-07-01 15:09:13','',NULL,''),(1004,'ç”¨æˆ·å¯¼å‡º',100,5,'','','',1,0,'F','0','0','system:user:export','#','admin','2022-07-01 15:09:13','',NULL,''),(1005,'ç”¨æˆ·å¯¼å…¥',100,6,'','','',1,0,'F','0','0','system:user:import','#','admin','2022-07-01 15:09:13','',NULL,''),(1006,'é‡ç½®å¯†ç ',100,7,'','','',1,0,'F','0','0','system:user:resetPwd','#','admin','2022-07-01 15:09:13','',NULL,''),(1007,'è§’è‰²æŸ¥è¯¢',101,1,'','','',1,0,'F','0','0','system:role:query','#','admin','2022-07-01 15:09:13','',NULL,''),(1008,'è§’è‰²æ–°å¢',101,2,'','','',1,0,'F','0','0','system:role:add','#','admin','2022-07-01 15:09:13','',NULL,''),(1009,'è§’è‰²ä¿®æ”¹',101,3,'','','',1,0,'F','0','0','system:role:edit','#','admin','2022-07-01 15:09:13','',NULL,''),(1010,'è§’è‰²åˆ é™¤',101,4,'','','',1,0,'F','0','0','system:role:remove','#','admin','2022-07-01 15:09:13','',NULL,''),(1011,'è§’è‰²å¯¼å‡º',101,5,'','','',1,0,'F','0','0','system:role:export','#','admin','2022-07-01 15:09:13','',NULL,''),(1012,'èœå•æŸ¥è¯¢',102,1,'','','',1,0,'F','0','0','system:menu:query','#','admin','2022-07-01 15:09:13','',NULL,''),(1013,'èœå•æ–°å¢',102,2,'','','',1,0,'F','0','0','system:menu:add','#','admin','2022-07-01 15:09:13','',NULL,''),(1014,'èœå•ä¿®æ”¹',102,3,'','','',1,0,'F','0','0','system:menu:edit','#','admin','2022-07-01 15:09:13','',NULL,''),(1015,'èœå•åˆ é™¤',102,4,'','','',1,0,'F','0','0','system:menu:remove','#','admin','2022-07-01 15:09:13','',NULL,''),(1016,'éƒ¨é—¨æŸ¥è¯¢',103,1,'','','',1,0,'F','0','0','system:dept:query','#','admin','2022-07-01 15:09:13','',NULL,''),(1017,'éƒ¨é—¨æ–°å¢',103,2,'','','',1,0,'F','0','0','system:dept:add','#','admin','2022-07-01 15:09:13','',NULL,''),(1018,'éƒ¨é—¨ä¿®æ”¹',103,3,'','','',1,0,'F','0','0','system:dept:edit','#','admin','2022-07-01 15:09:13','',NULL,''),(1019,'éƒ¨é—¨åˆ é™¤',103,4,'','','',1,0,'F','0','0','system:dept:remove','#','admin','2022-07-01 15:09:13','',NULL,''),(1020,'å²—ä½æŸ¥è¯¢',104,1,'','','',1,0,'F','0','0','system:post:query','#','admin','2022-07-01 15:09:13','',NULL,''),(1021,'å²—ä½æ–°å¢',104,2,'','','',1,0,'F','0','0','system:post:add','#','admin','2022-07-01 15:09:13','',NULL,''),(1022,'å²—ä½ä¿®æ”¹',104,3,'','','',1,0,'F','0','0','system:post:edit','#','admin','2022-07-01 15:09:14','',NULL,''),(1023,'å²—ä½åˆ é™¤',104,4,'','','',1,0,'F','0','0','system:post:remove','#','admin','2022-07-01 15:09:14','',NULL,''),(1024,'å²—ä½å¯¼å‡º',104,5,'','','',1,0,'F','0','0','system:post:export','#','admin','2022-07-01 15:09:14','',NULL,''),(1025,'å­—å…¸æŸ¥è¯¢',105,1,'#','','',1,0,'F','0','0','system:dict:query','#','admin','2022-07-01 15:09:14','',NULL,''),(1026,'å­—å…¸æ–°å¢',105,2,'#','','',1,0,'F','0','0','system:dict:add','#','admin','2022-07-01 15:09:14','',NULL,''),(1027,'å­—å…¸ä¿®æ”¹',105,3,'#','','',1,0,'F','0','0','system:dict:edit','#','admin','2022-07-01 15:09:14','',NULL,''),(1028,'å­—å…¸åˆ é™¤',105,4,'#','','',1,0,'F','0','0','system:dict:remove','#','admin','2022-07-01 15:09:14','',NULL,''),(1029,'å­—å…¸å¯¼å‡º',105,5,'#','','',1,0,'F','0','0','system:dict:export','#','admin','2022-07-01 15:09:14','',NULL,''),(1030,'å‚æ•°æŸ¥è¯¢',106,1,'#','','',1,0,'F','0','0','system:config:query','#','admin','2022-07-01 15:09:14','',NULL,''),(1031,'å‚æ•°æ–°å¢',106,2,'#','','',1,0,'F','0','0','system:config:add','#','admin','2022-07-01 15:09:14','',NULL,''),(1032,'å‚æ•°ä¿®æ”¹',106,3,'#','','',1,0,'F','0','0','system:config:edit','#','admin','2022-07-01 15:09:14','',NULL,''),(1033,'å‚æ•°åˆ é™¤',106,4,'#','','',1,0,'F','0','0','system:config:remove','#','admin','2022-07-01 15:09:14','',NULL,''),(1034,'å‚æ•°å¯¼å‡º',106,5,'#','','',1,0,'F','0','0','system:config:export','#','admin','2022-07-01 15:09:14','',NULL,''),(1035,'å…¬å‘ŠæŸ¥è¯¢',107,1,'#','','',1,0,'F','0','0','system:notice:query','#','admin','2022-07-01 15:09:14','',NULL,''),(1036,'å…¬å‘Šæ–°å¢',107,2,'#','','',1,0,'F','0','0','system:notice:add','#','admin','2022-07-01 15:09:14','',NULL,''),(1037,'å…¬å‘Šä¿®æ”¹',107,3,'#','','',1,0,'F','0','0','system:notice:edit','#','admin','2022-07-01 15:09:14','',NULL,''),(1038,'å…¬å‘Šåˆ é™¤',107,4,'#','','',1,0,'F','0','0','system:notice:remove','#','admin','2022-07-01 15:09:14','',NULL,''),(1039,'æ“ä½œæŸ¥è¯¢',500,1,'#','','',1,0,'F','0','0','system:operlog:query','#','admin','2022-07-01 15:09:14','',NULL,''),(1040,'æ“ä½œåˆ é™¤',500,2,'#','','',1,0,'F','0','0','system:operlog:remove','#','admin','2022-07-01 15:09:14','',NULL,''),(1041,'æ—¥å¿—å¯¼å‡º',500,4,'#','','',1,0,'F','0','0','system:operlog:export','#','admin','2022-07-01 15:09:14','',NULL,''),(1042,'ç™»å½•æŸ¥è¯¢',501,1,'#','','',1,0,'F','0','0','system:logininfor:query','#','admin','2022-07-01 15:09:14','',NULL,''),(1043,'ç™»å½•åˆ é™¤',501,2,'#','','',1,0,'F','0','0','system:logininfor:remove','#','admin','2022-07-01 15:09:14','',NULL,''),(1044,'æ—¥å¿—å¯¼å‡º',501,3,'#','','',1,0,'F','0','0','system:logininfor:export','#','admin','2022-07-01 15:09:14','',NULL,''),(1045,'åœ¨çº¿æŸ¥è¯¢',109,1,'#','','',1,0,'F','0','0','monitor:online:query','#','admin','2022-07-01 15:09:14','',NULL,''),(1046,'æ‰¹é‡å¼ºé€€',109,2,'#','','',1,0,'F','0','0','monitor:online:batchLogout','#','admin','2022-07-01 15:09:14','',NULL,''),(1047,'å•æ¡å¼ºé€€',109,3,'#','','',1,0,'F','0','0','monitor:online:forceLogout','#','admin','2022-07-01 15:09:14','',NULL,''),(1048,'ä»»åŠ¡æŸ¥è¯¢',110,1,'#','','',1,0,'F','0','0','monitor:job:query','#','admin','2022-07-01 15:09:14','',NULL,''),(1049,'ä»»åŠ¡æ–°å¢',110,2,'#','','',1,0,'F','0','0','monitor:job:add','#','admin','2022-07-01 15:09:14','',NULL,''),(1050,'ä»»åŠ¡ä¿®æ”¹',110,3,'#','','',1,0,'F','0','0','monitor:job:edit','#','admin','2022-07-01 15:09:14','',NULL,''),(1051,'ä»»åŠ¡åˆ é™¤',110,4,'#','','',1,0,'F','0','0','monitor:job:remove','#','admin','2022-07-01 15:09:14','',NULL,''),(1052,'çŠ¶æ€ä¿®æ”¹',110,5,'#','','',1,0,'F','0','0','monitor:job:changeStatus','#','admin','2022-07-01 15:09:14','',NULL,''),(1053,'ä»»åŠ¡å¯¼å‡º',110,7,'#','','',1,0,'F','0','0','monitor:job:export','#','admin','2022-07-01 15:09:14','',NULL,''),(1054,'ç”ŸæˆæŸ¥è¯¢',115,1,'#','','',1,0,'F','0','0','tool:gen:query','#','admin','2022-07-01 15:09:14','',NULL,''),(1055,'ç”Ÿæˆä¿®æ”¹',115,2,'#','','',1,0,'F','0','0','tool:gen:edit','#','admin','2022-07-01 15:09:14','',NULL,''),(1056,'ç”Ÿæˆåˆ é™¤',115,3,'#','','',1,0,'F','0','0','tool:gen:remove','#','admin','2022-07-01 15:09:14','',NULL,''),(1057,'å¯¼å…¥ä»£ç ',115,2,'#','','',1,0,'F','0','0','tool:gen:import','#','admin','2022-07-01 15:09:14','',NULL,''),(1058,'é¢„è§ˆä»£ç ',115,4,'#','','',1,0,'F','0','0','tool:gen:preview','#','admin','2022-07-01 15:09:14','',NULL,''),(1059,'ç”Ÿæˆä»£ç ',115,5,'#','','',1,0,'F','0','0','tool:gen:code','#','admin','2022-07-01 15:09:14','',NULL,''),(1680,'å…¬ä¼—å·ç®¡ç†',0,3,'wechat','',NULL,1,0,'M','0','0','','wechat','admin','2022-03-24 14:11:02','admin','2022-03-24 15:01:20',''),(2004,'ç”¨æˆ·æ ‡ç­¾',1680,2,'wxusertags','wechat/mp/wxusertags/index',NULL,1,0,'C','0','0','wxmp:wxusertags:list','validCode','admin','2022-03-25 16:00:35','',NULL,''),(2005,'ç”¨æˆ·æ¶ˆæ¯',1680,30,'wxmsg','wechat/mp/wxmsg/index',NULL,1,0,'C','0','0','wxmp:wxmsg:index','tree-table','admin','2022-03-26 14:04:15','',NULL,''),(2006,'ç´ æç®¡ç†',1680,40,'wxmaterial','wechat/mp/wxmaterial/index',NULL,1,0,'C','0','0','wxmp:wxmaterial:index','button','admin','2022-03-26 14:32:00','',NULL,''),(2007,'è‡ªå®šä¹‰èœå•',1680,50,'wxmenu','wechat/mp/wxmenu/detail',NULL,1,0,'C','0','0','wxmp:wxmenu:get','slider','admin','2022-03-26 15:28:51','admin','2022-03-26 15:31:51',''),(2008,'æ¶ˆæ¯è‡ªåŠ¨å›å¤',1680,70,'wxautoreply','wechat/mp/wxautoreply/index',NULL,1,0,'C','0','0','wxmp:wxautoreply:index','dashboard','admin','2022-03-26 16:11:47','',NULL,''),(2009,'æ•°æ®ç»Ÿè®¡',1680,80,'wxsummary','wechat/mp/wxsummary/index',NULL,1,0,'C','0','0',NULL,'druid','admin','2022-03-26 17:19:54','',NULL,''),(2010,'å¾®ä¿¡é…ç½®',1680,1,'config','wechat/config/index',NULL,1,0,'C','0','0','wechat:config:list','edit','admin','2022-07-02 23:58:05','Dincat','2022-07-14 11:29:43','å¾®ä¿¡é…ç½®èœå•'),(2011,'å¾®ä¿¡é…ç½®æŸ¥è¯¢',2010,1,'#','',NULL,1,0,'F','0','0','wechat:config:query','#','admin','2022-07-02 23:58:05','',NULL,''),(2012,'å¾®ä¿¡é…ç½®æ–°å¢',2010,2,'#','',NULL,1,0,'F','0','0','wechat:config:add','#','admin','2022-07-02 23:58:05','',NULL,''),(2013,'å¾®ä¿¡é…ç½®ä¿®æ”¹',2010,3,'#','',NULL,1,0,'F','0','0','wechat:config:edit','#','admin','2022-07-02 23:58:05','',NULL,''),(2014,'å¾®ä¿¡é…ç½®åˆ é™¤',2010,4,'#','',NULL,1,0,'F','0','0','wechat:config:remove','#','admin','2022-07-02 23:58:05','',NULL,''),(2015,'å¾®ä¿¡é…ç½®å¯¼å‡º',2010,5,'#','',NULL,1,0,'F','0','0','wechat:config:export','#','admin','2022-07-02 23:58:05','',NULL,''),(2016,'å‚æ•°åˆ†ç»„',1,7,'group','system/config/group',NULL,1,0,'C','0','0','system:config:group:list','tree','admin','2022-07-13 18:11:38','Dincat','2022-07-13 18:14:40','å‚æ•°åˆ†ç»„èœå•'),(2017,'å‚æ•°åˆ†ç»„æŸ¥è¯¢',2016,1,'#','',NULL,1,0,'F','0','0','system:config:group:query','#','admin','2022-07-13 18:11:38','',NULL,''),(2018,'å‚æ•°åˆ†ç»„æ–°å¢',2016,2,'#','',NULL,1,0,'F','0','0','system:config:group:add','#','admin','2022-07-13 18:11:38','',NULL,''),(2019,'å‚æ•°åˆ†ç»„ä¿®æ”¹',2016,3,'#','',NULL,1,0,'F','0','0','system:config:group:edit','#','admin','2022-07-13 18:11:38','',NULL,''),(2020,'å‚æ•°åˆ†ç»„åˆ é™¤',2016,4,'#','',NULL,1,0,'F','0','0','system:config:group:remove','#','admin','2022-07-13 18:11:38','',NULL,''),(2021,'å‚æ•°åˆ†ç»„å¯¼å‡º',2016,5,'#','',NULL,1,0,'F','0','0','system:config:group:export','#','admin','2022-07-13 18:11:38','',NULL,''),(2110,'è€ƒåŠ¡ç®¡ç†',0,90,'exam',NULL,NULL,1,0,'M','0','0','exam','education','admin','2022-03-26 17:19:54','admin','2022-04-06 14:31:54','è€ƒåŠ¡ç®¡ç†'),(2111,'è¯¾ç¨‹ç®¡ç†',2110,1,'course','exam/course',NULL,1,0,'C','0','0','exam:course:list','#','admin','2022-03-26 17:19:54','admin','2022-04-17 15:49:08',''),(2112,'è¯•å·ç®¡ç†',2110,2,'exam','exam/exam',NULL,1,0,'C','0','0','exam:exam','#','admin','2022-03-26 17:19:54','admin','2022-04-08 16:55:33',''),(2113,'é¢˜åº“ç®¡ç†',2110,3,'subject','exam/subject',NULL,1,0,'C','0','0','exam:subject','#','admin','2022-03-26 17:19:54','',NULL,''),(2114,'æˆç»©ç®¡ç†',2110,4,'score','exam/examRecord',NULL,1,0,'C','0','0','exam:examRecord','#','admin','2022-03-26 17:19:54','',NULL,''),(2116,'æ–°å¢è¯¾ç¨‹',2111,1,'',NULL,NULL,1,0,'F','0','0','exam:course:add','#','admin','2021-12-10 10:20:57','',NULL,''),(2117,'ä¿®æ”¹è¯¾ç¨‹',2111,2,'',NULL,NULL,1,0,'F','0','0','exam:course:edit','#','admin','2021-12-10 10:20:57','',NULL,''),(2118,'åˆ é™¤è¯¾ç¨‹',2111,3,'',NULL,NULL,1,0,'F','0','0','exam:course:del','#','admin','2021-12-10 10:20:57','',NULL,''),(2119,'æ–°å¢è€ƒè¯•',2112,1,'',NULL,NULL,1,0,'F','0','0','exam:exam:add','#','admin','2021-12-10 10:20:57','',NULL,''),(2120,'ä¿®æ”¹è¯¾ç¨‹',2112,2,'',NULL,NULL,1,0,'F','0','0','exam:exam:edit','#','admin','2021-12-10 10:20:57','',NULL,''),(2121,'åˆ é™¤è€ƒè¯•',2112,3,'',NULL,NULL,1,0,'F','0','0','exam:exam:del','#','admin','2021-12-10 10:20:57','',NULL,''),(2122,'ç¼–è¾‘è€ƒè¯•',2112,4,'',NULL,NULL,1,0,'F','0','0','exam:exam:edit','#','admin','2021-12-10 10:20:57','',NULL,''),(2123,'æ–°å¢é¢˜ç›®',2112,5,'',NULL,NULL,1,0,'F','0','0','exam:exam:subject:add','#','admin','2021-12-10 10:20:57','',NULL,''),(2124,'åˆ é™¤é¢˜ç›®',2112,6,'',NULL,NULL,1,0,'F','0','0','exam:exam:subject:del','#','admin','2021-12-10 10:20:57','',NULL,''),(2125,'ç¼–è¾‘é¢˜ç›®',2112,7,'',NULL,NULL,1,0,'F','0','0','exam:exam:subject:edit','#','admin','2021-12-10 10:20:57','',NULL,''),(2126,'ä¿®æ”¹é¢˜ç›®',2112,8,'',NULL,NULL,1,0,'F','0','0','exam:exam:subject:edit','#','admin','2021-12-10 10:20:57','',NULL,''),(2127,'é¢˜ç›®ç®¡ç†',2112,9,'',NULL,NULL,1,0,'F','0','0','exam:exam:subject','#','admin','2021-12-10 10:20:57','',NULL,''),(2128,'å¯¼å‡ºé¢˜ç›®',2112,10,'',NULL,NULL,1,0,'F','0','0','exam:exam:subject:export','#','admin','2021-12-10 10:20:57','',NULL,''),(2129,'å¯¼å…¥é¢˜ç›®',2112,11,'',NULL,NULL,1,0,'F','0','0','exam:exam:subject:import','#','admin','2021-12-10 10:20:57','',NULL,''),(2130,'æ–°å¢é¢˜ç›®',2113,6,'',NULL,NULL,1,0,'F','0','0','exam:subject:bank:add','#','admin','2021-12-10 10:20:57','',NULL,''),(2131,'ä¿®æ”¹é¢˜ç›®',2113,7,'',NULL,NULL,1,0,'F','0','0','exam:subject:bank:edit','#','admin','2021-12-10 10:20:57','',NULL,''),(2132,'åˆ é™¤é¢˜ç›®',2113,8,'',NULL,NULL,1,0,'F','0','0','exam:subject:bank:del','#','admin','2021-12-10 10:20:57','',NULL,''),(2133,'å¯¼å…¥é¢˜ç›®',2113,9,'',NULL,NULL,1,0,'F','0','0','exam:subject:bank:import','#','admin','2021-12-10 10:20:57','',NULL,''),(2134,'å¯¼å‡ºé¢˜ç›®',2113,10,'',NULL,NULL,1,0,'F','0','0','exam:subject:bank:export','#','admin','2021-12-10 10:20:57','',NULL,''),(2135,'æ–°å¢é¢˜ç›®åˆ†ç±»',2113,11,'',NULL,NULL,1,0,'F','0','0','exam:subject:category:add','#','admin','2021-12-10 10:20:57','',NULL,''),(2136,'ä¿®æ”¹é¢˜ç›®åˆ†ç±»',2113,12,'',NULL,NULL,1,0,'F','0','0','exam:subject:category:edit','#','admin','2021-12-10 10:20:57','',NULL,''),(2137,'åˆ é™¤é¢˜ç›®åˆ†ç±»',2113,13,'',NULL,NULL,1,0,'F','0','0','exam:subject:category:del','#','admin','2021-12-10 10:20:57','',NULL,''),(2138,'å¯¼å‡ºæˆç»©',2113,1,'',NULL,NULL,1,0,'F','0','0','exam:examRecord:export','#','admin','2021-12-10 10:20:57','',NULL,'');
/*!40000 ALTER TABLE `sys_menu` ENABLE KEYS */;
UNLOCK TABLES;

--
-- Table structure for table `sys_notice`
--

DROP TABLE IF EXISTS `sys_notice`;
/*!40101 SET @saved_cs_client     = @@character_set_client */;
/*!40101 SET character_set_client = utf8 */;
CREATE TABLE `sys_notice` (
  `notice_id` int(4) NOT NULL AUTO_INCREMENT COMMENT 'å…¬å‘ŠID',
  `notice_title` varchar(50) NOT NULL COMMENT 'å…¬å‘Šæ ‡é¢˜',
  `notice_type` char(1) NOT NULL COMMENT 'å…¬å‘Šç±»å‹ï¼ˆ1é€šçŸ¥ 2å…¬å‘Šï¼‰',
  `notice_content` longblob COMMENT 'å…¬å‘Šå†…å®¹',
  `status` char(1) DEFAULT '0' COMMENT 'å…¬å‘ŠçŠ¶æ€ï¼ˆ0æ­£å¸¸ 1å…³é—­ï¼‰',
  `create_by` varchar(64) DEFAULT '' COMMENT 'åˆ›å»ºè€…',
  `create_time` datetime DEFAULT NULL COMMENT 'åˆ›å»ºæ—¶é—´',
  `update_by` varchar(64) DEFAULT '' COMMENT 'æ›´æ–°è€…',
  `update_time` datetime DEFAULT NULL COMMENT 'æ›´æ–°æ—¶é—´',
  `remark` varchar(255) DEFAULT NULL COMMENT 'å¤‡æ³¨',
  PRIMARY KEY (`notice_id`)
) ENGINE=InnoDB AUTO_INCREMENT=3 DEFAULT CHARSET=utf8mb4 COMMENT='é€šçŸ¥å…¬å‘Šè¡¨';
/*!40101 SET character_set_client = @saved_cs_client */;

--
-- Dumping data for table `sys_notice`
--

LOCK TABLES `sys_notice` WRITE;
/*!40000 ALTER TABLE `sys_notice` DISABLE KEYS */;
INSERT INTO `sys_notice` VALUES (1,'æ¸©é¦¨æé†’ï¼š2022-07-16 æ— å¿§æœè€ƒè¯•å¹³å°æ–°ç‰ˆæœ¬å‘å¸ƒå•¦','2','æ–°ç‰ˆæœ¬å†…å®¹','0','admin','2022-07-01 15:09:17','admin','2022-07-16 17:54:13','ç®¡ç†å‘˜'),(2,'ç»´æŠ¤é€šçŸ¥ï¼š2018-07-01 æ— å¿§æœè€ƒè¯•ç³»ç»Ÿå‡Œæ™¨ç»´æŠ¤','1','<p>ç»´æŠ¤å†…å®¹</p>','0','admin','2022-07-01 15:09:17','admin','2022-07-16 17:54:22','ç®¡ç†å‘˜');
/*!40000 ALTER TABLE `sys_notice` ENABLE KEYS */;
UNLOCK TABLES;

--
-- Table structure for table `sys_oper_log`
--

DROP TABLE IF EXISTS `sys_oper_log`;
/*!40101 SET @saved_cs_client     = @@character_set_client */;
/*!40101 SET character_set_client = utf8 */;
CREATE TABLE `sys_oper_log` (
  `oper_id` bigint(20) NOT NULL AUTO_INCREMENT COMMENT 'æ—¥å¿—ä¸»é”®',
  `title` varchar(50) DEFAULT '' COMMENT 'æ¨¡å—æ ‡é¢˜',
  `business_type` int(2) DEFAULT '0' COMMENT 'ä¸šåŠ¡ç±»å‹ï¼ˆ0å…¶å®ƒ 1æ–°å¢ 2ä¿®æ”¹ 3åˆ é™¤ï¼‰',
  `method` varchar(100) DEFAULT '' COMMENT 'æ–¹æ³•åç§°',
  `request_method` varchar(10) DEFAULT '' COMMENT 'è¯·æ±‚æ–¹å¼',
  `operator_type` int(1) DEFAULT '0' COMMENT 'æ“ä½œç±»åˆ«ï¼ˆ0å…¶å®ƒ 1åå°ç”¨æˆ· 2æ‰‹æœºç«¯ç”¨æˆ·ï¼‰',
  `oper_name` varchar(50) DEFAULT '' COMMENT 'æ“ä½œäººå‘˜',
  `dept_name` varchar(50) DEFAULT '' COMMENT 'éƒ¨é—¨åç§°',
  `oper_url` varchar(255) DEFAULT '' COMMENT 'è¯·æ±‚URL',
  `oper_ip` varchar(128) DEFAULT '' COMMENT 'ä¸»æœºåœ°å€',
  `oper_location` varchar(255) DEFAULT '' COMMENT 'æ“ä½œåœ°ç‚¹',
  `oper_param` varchar(2000) DEFAULT '' COMMENT 'è¯·æ±‚å‚æ•°',
  `json_result` varchar(2000) DEFAULT '' COMMENT 'è¿”å›å‚æ•°',
  `status` int(1) DEFAULT '0' COMMENT 'æ“ä½œçŠ¶æ€ï¼ˆ0æ­£å¸¸ 1å¼‚å¸¸ï¼‰',
  `error_msg` varchar(2000) DEFAULT '' COMMENT 'é”™è¯¯æ¶ˆæ¯',
  `oper_time` datetime DEFAULT NULL COMMENT 'æ“ä½œæ—¶é—´',
  PRIMARY KEY (`oper_id`)
) ENGINE=InnoDB AUTO_INCREMENT=282 DEFAULT CHARSET=utf8mb4 COMMENT='æ“ä½œæ—¥å¿—è®°å½•';
/*!40101 SET character_set_client = @saved_cs_client */;

--
-- Dumping data for table `sys_oper_log`
--

LOCK TABLES `sys_oper_log` WRITE;
/*!40000 ALTER TABLE `sys_oper_log` DISABLE KEYS */;
INSERT INTO `sys_oper_log` VALUES (100,'ä»£ç ç”Ÿæˆ',6,'com.wyg.gen.controller.GenController.importTableSave()','POST',1,'Dincat',NULL,'/gen/importTable','127.0.0.1','','wx_config','{\"msg\":\"æ“ä½œæˆåŠŸ\",\"code\":200}',0,NULL,'2022-07-02 18:23:08'),(101,'ä»£ç ç”Ÿæˆ',2,'com.wyg.gen.controller.GenController.synchDb()','GET',1,'Dincat',NULL,'/gen/synchDb/wx_config','127.0.0.1','',NULL,'{\"msg\":\"æ“ä½œæˆåŠŸ\",\"code\":200}',0,NULL,'2022-07-02 23:38:14'),(102,'ä»£ç ç”Ÿæˆ',2,'com.wyg.gen.controller.GenController.synchDb()','GET',1,'Dincat',NULL,'/gen/synchDb/wx_config','127.0.0.1','',NULL,'{\"msg\":\"æ“ä½œæˆåŠŸ\",\"code\":200}',0,NULL,'2022-07-02 23:45:00'),(103,'ä»£ç ç”Ÿæˆ',2,'com.wyg.gen.controller.GenController.synchDb()','GET',1,'Dincat',NULL,'/gen/synchDb/wx_config','127.0.0.1','',NULL,'{\"msg\":\"æ“ä½œæˆåŠŸ\",\"code\":200}',0,NULL,'2022-07-02 23:50:58'),(104,'ä»£ç ç”Ÿæˆ',3,'com.wyg.gen.controller.GenController.remove()','DELETE',1,'Dincat',NULL,'/gen/12','127.0.0.1','',NULL,'{\"msg\":\"æ“ä½œæˆåŠŸ\",\"code\":200}',0,NULL,'2022-07-02 23:51:01'),(105,'ä»£ç ç”Ÿæˆ',6,'com.wyg.gen.controller.GenController.importTableSave()','POST',1,'Dincat',NULL,'/gen/importTable','127.0.0.1','','wx_config','{\"msg\":\"æ“ä½œæˆåŠŸ\",\"code\":200}',0,NULL,'2022-07-02 23:51:06'),(106,'ä»£ç ç”Ÿæˆ',8,'com.wyg.gen.controller.GenController.batchGenCode()','GET',1,'Dincat',NULL,'/gen/batchGenCode','127.0.0.1','',NULL,NULL,0,NULL,'2022-07-02 23:52:29'),(107,'ä»£ç ç”Ÿæˆ',2,'com.wyg.gen.controller.GenController.editSave()','PUT',1,'Dincat',NULL,'/gen','127.0.0.1','','{\"businessName\":\"config\",\"className\":\"WxConfig\",\"columns\":[{\"capJavaField\":\"Id\",\"columnComment\":\"ID\",\"columnId\":170,\"columnName\":\"id\",\"columnType\":\"bigint(20)\",\"createBy\":\"Dincat\",\"createTime\":\"2022-07-02 23:51:05\",\"dictType\":\"\",\"edit\":false,\"htmlType\":\"input\",\"increment\":false,\"insert\":true,\"isIncrement\":\"0\",\"isInsert\":\"1\",\"isPk\":\"1\",\"javaField\":\"id\",\"javaType\":\"Long\",\"list\":false,\"params\":{},\"pk\":true,\"query\":false,\"queryType\":\"EQ\",\"required\":false,\"sort\":1,\"superColumn\":false,\"tableId\":13,\"updateBy\":\"\",\"usableColumn\":false},{\"capJavaField\":\"WxName\",\"columnComment\":\"å¾®ä¿¡åç§°\",\"columnId\":171,\"columnName\":\"wx_name\",\"columnType\":\"varchar(256)\",\"createBy\":\"Dincat\",\"createTime\":\"2022-07-02 23:51:05\",\"dictType\":\"\",\"edit\":true,\"htmlType\":\"input\",\"increment\":false,\"insert\":true,\"isEdit\":\"1\",\"isIncrement\":\"0\",\"isInsert\":\"1\",\"isList\":\"1\",\"isPk\":\"0\",\"isQuery\":\"1\",\"isRequired\":\"1\",\"javaField\":\"wxName\",\"javaType\":\"String\",\"list\":true,\"params\":{},\"pk\":false,\"query\":true,\"queryType\":\"LIKE\",\"required\":true,\"sort\":2,\"superColumn\":false,\"tableId\":13,\"updateBy\":\"\",\"usableColumn\":false},{\"capJavaField\":\"WxCode\",\"columnComment\":\"å¾®ä¿¡ç¼–å·\",\"columnId\":172,\"columnName\":\"wx_code\",\"columnType\":\"varchar(100)\",\"createBy\":\"Dincat\",\"createTime\":\"2022-07-02 23:51:05\",\"dictType\":\"\",\"edit\":true,\"htmlType\":\"input\",\"increment\":false,\"insert\":true,\"isEdit\":\"1\",\"isIncrement\":\"0\",\"isInsert\":\"1\",\"isList\":\"1\",\"isPk\":\"0\",\"isQuery\":\"1\",\"isRequired\":\"1\",\"javaField\":\"wxCode\",\"javaType\":\"String\",\"list\":true,\"params\":{},\"pk\":false,\"query\":true,\"queryType\":\"EQ\",\"required\":true,\"sort\":3,\"superColumn\":false,\"tableId\":13,\"updateBy\":\"\",\"usableColumn\":false},{\"capJavaField\":\"AppId\",\"columnComment\":\"AppID\",\"columnId\":173,\"columnName\":\"app_id\",\"columnType\":\"varchar(45)\",\"createBy\":\"Dincat\",\"createTime\":\"2022-07-02 23:51:05\",\"dictType\":\"\",\"edit\":true,\"htmlType\":\"input\",\"increment\":false,\"insert\":true,\"isEdit\":\"1\",\"isIncrement\":\"0\",\"isInsert\":\"1\",\"isList\":\"1\",\"isPk\":\"0\",\"isQuery\":\"1\",\"isRequired\":\"1\",\"javaField\":\"appId\",\"javaT','{\"msg\":\"æ“ä½œæˆåŠŸ\",\"code\":200}',0,NULL,'2022-07-02 23:57:26'),(108,'ä»£ç ç”Ÿæˆ',8,'com.wyg.gen.controller.GenController.batchGenCode()','GET',1,'Dincat',NULL,'/gen/batchGenCode','127.0.0.1','',NULL,NULL,0,NULL,'2022-07-02 23:57:29'),(109,'ä»£ç ç”Ÿæˆ',2,'com.wyg.gen.controller.GenController.editSave()','PUT',1,'Dincat',NULL,'/gen','192.168.11.104','','{\"businessName\":\"config\",\"className\":\"WxConfig\",\"columns\":[{\"capJavaField\":\"Id\",\"columnComment\":\"ID\",\"columnId\":170,\"columnName\":\"id\",\"columnType\":\"bigint(20)\",\"createBy\":\"Dincat\",\"createTime\":\"2022-07-02 23:51:05\",\"dictType\":\"\",\"edit\":false,\"htmlType\":\"input\",\"increment\":false,\"insert\":true,\"isIncrement\":\"0\",\"isInsert\":\"1\",\"isPk\":\"1\",\"javaField\":\"id\",\"javaType\":\"Long\",\"list\":false,\"params\":{},\"pk\":true,\"query\":false,\"queryType\":\"EQ\",\"required\":false,\"sort\":1,\"superColumn\":false,\"tableId\":13,\"updateBy\":\"\",\"updateTime\":\"2022-07-02 23:57:26\",\"usableColumn\":false},{\"capJavaField\":\"WxName\",\"columnComment\":\"å¾®ä¿¡åç§°\",\"columnId\":171,\"columnName\":\"wx_name\",\"columnType\":\"varchar(256)\",\"createBy\":\"Dincat\",\"createTime\":\"2022-07-02 23:51:05\",\"dictType\":\"\",\"edit\":true,\"htmlType\":\"input\",\"increment\":false,\"insert\":true,\"isEdit\":\"1\",\"isIncrement\":\"0\",\"isInsert\":\"1\",\"isList\":\"1\",\"isPk\":\"0\",\"isQuery\":\"1\",\"isRequired\":\"1\",\"javaField\":\"wxName\",\"javaType\":\"String\",\"list\":true,\"params\":{},\"pk\":false,\"query\":true,\"queryType\":\"LIKE\",\"required\":true,\"sort\":2,\"superColumn\":false,\"tableId\":13,\"updateBy\":\"\",\"updateTime\":\"2022-07-02 23:57:26\",\"usableColumn\":false},{\"capJavaField\":\"WxCode\",\"columnComment\":\"å¾®ä¿¡ç¼–å·\",\"columnId\":172,\"columnName\":\"wx_code\",\"columnType\":\"varchar(100)\",\"createBy\":\"Dincat\",\"createTime\":\"2022-07-02 23:51:05\",\"dictType\":\"\",\"edit\":true,\"htmlType\":\"input\",\"increment\":false,\"insert\":true,\"isEdit\":\"1\",\"isIncrement\":\"0\",\"isInsert\":\"1\",\"isList\":\"1\",\"isPk\":\"0\",\"isQuery\":\"1\",\"isRequired\":\"1\",\"javaField\":\"wxCode\",\"javaType\":\"String\",\"list\":true,\"params\":{},\"pk\":false,\"query\":true,\"queryType\":\"EQ\",\"required\":true,\"sort\":3,\"superColumn\":false,\"tableId\":13,\"updateBy\":\"\",\"updateTime\":\"2022-07-02 23:57:26\",\"usableColumn\":false},{\"capJavaField\":\"AppId\",\"columnComment\":\"AppID\",\"columnId\":173,\"columnName\":\"app_id\",\"columnType\":\"varchar(45)\",\"createBy\":\"Dincat\",\"createTime\":\"2022-07-02 23:51:05\",\"dictType\":\"\",\"edit\":true,\"htmlType\":\"input\",\"increment\":false,\"insert\":true,\"isEdit\":\"1\",\"isIncrem','{\"msg\":\"æ“ä½œæˆåŠŸ\",\"code\":200}',0,NULL,'2022-07-05 17:42:49'),(110,'å¾®ä¿¡é…ç½®',1,'com.wyg.wechat.controller.WxConfigController.add()','POST',1,'Dincat',NULL,'/config','192.168.11.104','','{\"aesKey\":\"9j3a8S5ZisXnpL3gmbh7Sbmmlp7RVb6Ugp7OYzRfW0X\",\"appId\":\"wxf9510d6f1e403544\",\"appSecret\":\"dd0f801243ebe74ecf4bf688c40552a8\",\"createTime\":\"2022-07-05T17:51:42.582+08:00\",\"isDefault\":\"Y\",\"mchId\":\"1606828510\",\"params\":{},\"payKey\":\"sCVaAviWhNhbJo0FTvqhB27LbpLWKcVi\",\"token\":\"www_5goals6com\",\"userId\":1,\"wxCode\":\"WorrilessGo\",\"wxName\":\"æ— å¿§æœ\"}',NULL,1,'\r\n### Error updating database.  Cause: java.sql.SQLException: Field \'id\' doesn\'t have a default value\r\n### The error may exist in file [F:\\Projects\\wyg-exam\\Code\\wyg-exam\\wyg-modules\\wyg-wechat\\target\\classes\\mapper\\wechat\\WxConfigMapper.xml]\r\n### The error may involve com.wyg.wechat.mapper.WxConfigMapper.insertWxConfig-Inline\r\n### The error occurred while setting parameters\r\n### SQL: insert into wx_config          ( wx_name,                     wx_code,                     app_id,                     app_secret,                     token,                                          mch_id,                     pay_key,                     aes_key,                                          is_default,                                          user_id,                                          create_time )           values ( ?,                     ?,                     ?,                     ?,                     ?,                                          ?,                     ?,                     ?,                                          ?,                                          ?,                                          ? )\r\n### Cause: java.sql.SQLException: Field \'id\' doesn\'t have a default value\n; Field \'id\' doesn\'t have a default value; nested exception is java.sql.SQLException: Field \'id\' doesn\'t have a default value','2022-07-05 17:51:44'),(111,'å¾®ä¿¡é…ç½®',1,'com.wyg.wechat.controller.WxConfigController.add()','POST',1,'Dincat',NULL,'/config','192.168.11.104','','{\"aesKey\":\"9j3a8S5ZisXnpL3gmbh7Sbmmlp7RVb6Ugp7OYzRfW0X\",\"appId\":\"wxf9510d6f1e403544\",\"appSecret\":\"dd0f801243ebe74ecf4bf688c40552a8\",\"createTime\":\"2022-07-05T17:54:46.214+08:00\",\"isDefault\":\"Y\",\"mchId\":\"1606828510\",\"params\":{},\"payKey\":\"sCVaAviWhNhbJo0FTvqhB27LbpLWKcVi\",\"token\":\"www_5goals6com\",\"userId\":1,\"wxCode\":\"WorrilessGo\",\"wxName\":\"æ— å¿§æœ\"}','{\"msg\":\"æ“ä½œæˆåŠŸ\",\"code\":200}',0,NULL,'2022-07-05 17:54:46'),(112,'å¼€å§‹è€ƒè¯•',1,'com.wyg.exam.controller.ExaminationRecordController.start()','POST',1,'Dincat',NULL,'/record/start','192.168.11.104','','{\"applicationCode\":\"WorrilessGo\",\"createDate\":\"2022-07-05T18:02:59.088+08:00\",\"creator\":\"Dincat\",\"delFlag\":\"0\",\"deptName\":\"ç ”å‘éƒ¨é—¨\",\"examType\":1,\"examinationId\":991021918033281024,\"examinationName\":\"æ‰‹è¯­ç¿»è¯‘äººå‘˜ï¼ˆåˆçº§ï¼‰ç¬¬å…­ç« è¯æ±‡æµ‹è¯•3\",\"id\":993940069523914753,\"modifier\":\"Dincat\",\"modifyDate\":\"2022-07-05T18:02:59.088+08:00\",\"newRecord\":true,\"params\":{},\"startTime\":\"2022-07-05T18:02:59.088+08:00\",\"submitStatus\":0,\"tenantCode\":\"WorrilessGo\",\"userId\":1,\"userName\":\"è‹¥ä¾\"}',NULL,1,'applicationContextä¸ºç©ºï¼','2022-07-05 18:02:59'),(113,'å¼€å§‹è€ƒè¯•',1,'com.wyg.exam.controller.ExaminationRecordController.start()','POST',1,'Dincat',NULL,'/record/start','192.168.11.104','','{\"applicationCode\":\"WorrilessGo\",\"createDate\":\"2022-07-05T18:06:15.576+08:00\",\"creator\":\"Dincat\",\"delFlag\":\"0\",\"deptName\":\"ç ”å‘éƒ¨é—¨\",\"examType\":1,\"examinationId\":991021918033281024,\"examinationName\":\"æ‰‹è¯­ç¿»è¯‘äººå‘˜ï¼ˆåˆçº§ï¼‰ç¬¬å…­ç« è¯æ±‡æµ‹è¯•3\",\"id\":993940893654319105,\"modifier\":\"Dincat\",\"modifyDate\":\"2022-07-05T18:06:15.576+08:00\",\"newRecord\":true,\"params\":{},\"startTime\":\"2022-07-05T18:06:15.576+08:00\",\"submitStatus\":0,\"tenantCode\":\"WorrilessGo\",\"userId\":1,\"userName\":\"è‹¥ä¾\"}',NULL,1,'applicationContextä¸ºç©ºï¼','2022-07-05 18:06:15'),(114,'ç”¨æˆ·è¯„ä»·',2,'com.wyg.exam.com.wyg.system.com.foxinmy.controller.ExamPaperRatesController.userRate()','POST',1,'Dincat',NULL,'/examRates/userRate','192.168.11.104','','{\"paperId\":991021918033281024,\"params\":{},\"rating\":4,\"userId\":1}',NULL,1,'è¯·é€‰ç­”å·å†è¿›è¡Œè¯„ä»·ã€‚','2022-07-05 18:10:04'),(115,'å¼€å§‹è€ƒè¯•',1,'com.wyg.exam.controller.ExaminationRecordController.start()','POST',1,'Dincat',NULL,'/record/start','192.168.1.147','','{\"applicationCode\":\"WorrilessGo\",\"createDate\":\"2022-07-05T23:27:18.73+08:00\",\"creator\":\"Dincat\",\"delFlag\":\"0\",\"deptName\":\"ç ”å‘éƒ¨é—¨\",\"examType\":1,\"examinationId\":991021918033281024,\"examinationName\":\"æ‰‹è¯­ç¿»è¯‘äººå‘˜ï¼ˆåˆçº§ï¼‰ç¬¬å…­ç« è¯æ±‡æµ‹è¯•3\",\"id\":994021689178193921,\"modifier\":\"Dincat\",\"modifyDate\":\"2022-07-05T23:27:18.73+08:00\",\"newRecord\":true,\"params\":{},\"startTime\":\"2022-07-05T23:27:18.73+08:00\",\"submitStatus\":0,\"tenantCode\":\"WorrilessGo\",\"userId\":1,\"userName\":\"è‹¥ä¾\"}',NULL,1,'applicationContextä¸ºç©ºï¼','2022-07-05 23:27:19'),(116,'å¼€å§‹è€ƒè¯•',1,'com.wyg.exam.controller.ExaminationRecordController.start()','POST',1,'Dincat',NULL,'/record/start','192.168.1.147','','{\"applicationCode\":\"WorrilessGo\",\"createDate\":\"2022-07-05T23:30:28.448+08:00\",\"creator\":\"Dincat\",\"delFlag\":\"0\",\"deptName\":\"ç ”å‘éƒ¨é—¨\",\"examType\":1,\"examinationId\":991021918033281024,\"examinationName\":\"æ‰‹è¯­ç¿»è¯‘äººå‘˜ï¼ˆåˆçº§ï¼‰ç¬¬å…­ç« è¯æ±‡æµ‹è¯•3\",\"id\":994022484913160192,\"modifier\":\"Dincat\",\"modifyDate\":\"2022-07-05T23:30:28.448+08:00\",\"newRecord\":true,\"params\":{},\"startTime\":\"2022-07-05T23:30:28.447+08:00\",\"submitStatus\":0,\"tenantCode\":\"WorrilessGo\",\"userId\":1,\"userName\":\"è‹¥ä¾\"}',NULL,1,'applicationContextä¸ºç©ºï¼','2022-07-05 23:30:29'),(117,'å¼€å§‹è€ƒè¯•',1,'com.wyg.exam.controller.ExaminationRecordController.start()','POST',1,'Dincat',NULL,'/record/start','192.168.1.147','','{\"applicationCode\":\"WorrilessGo\",\"createDate\":\"2022-07-05T23:31:45.513+08:00\",\"creator\":\"Dincat\",\"delFlag\":\"0\",\"deptName\":\"ç ”å‘éƒ¨é—¨\",\"examType\":1,\"examinationId\":991021918033281024,\"examinationName\":\"æ‰‹è¯­ç¿»è¯‘äººå‘˜ï¼ˆåˆçº§ï¼‰ç¬¬å…­ç« è¯æ±‡æµ‹è¯•3\",\"id\":994022808147197953,\"modifier\":\"Dincat\",\"modifyDate\":\"2022-07-05T23:31:45.513+08:00\",\"newRecord\":true,\"params\":{},\"startTime\":\"2022-07-05T23:31:45.513+08:00\",\"submitStatus\":0,\"tenantCode\":\"WorrilessGo\",\"userId\":1,\"userName\":\"è‹¥ä¾\"}',NULL,1,'applicationContextä¸ºç©ºï¼','2022-07-05 23:31:51'),(118,'å¼€å§‹è€ƒè¯•',1,'com.wyg.exam.controller.ExaminationRecordController.start()','POST',1,'Dincat',NULL,'/record/start','192.168.1.147','','{\"applicationCode\":\"WorrilessGo\",\"createDate\":\"2022-07-05T23:33:52.107+08:00\",\"creator\":\"Dincat\",\"delFlag\":\"0\",\"deptName\":\"ç ”å‘éƒ¨é—¨\",\"examType\":1,\"examinationId\":991021918033281024,\"examinationName\":\"æ‰‹è¯­ç¿»è¯‘äººå‘˜ï¼ˆåˆçº§ï¼‰ç¬¬å…­ç« è¯æ±‡æµ‹è¯•3\",\"id\":994023339120918528,\"modifier\":\"Dincat\",\"modifyDate\":\"2022-07-05T23:33:52.107+08:00\",\"newRecord\":true,\"params\":{},\"startTime\":\"2022-07-05T23:33:52.106+08:00\",\"submitStatus\":0,\"tenantCode\":\"WorrilessGo\",\"userId\":1,\"userName\":\"è‹¥ä¾\"}',NULL,1,'applicationContextä¸ºç©ºï¼','2022-07-05 23:33:56'),(119,'å¼€å§‹è€ƒè¯•',1,'com.wyg.exam.controller.ExaminationRecordController.start()','POST',1,'Dincat',NULL,'/record/start','192.168.1.147','','{\"applicationCode\":\"WorrilessGo\",\"createDate\":\"2022-07-05T23:35:06.418+08:00\",\"creator\":\"Dincat\",\"delFlag\":\"0\",\"deptName\":\"ç ”å‘éƒ¨é—¨\",\"examType\":1,\"examinationId\":991021918033281024,\"examinationName\":\"æ‰‹è¯­ç¿»è¯‘äººå‘˜ï¼ˆåˆçº§ï¼‰ç¬¬å…­ç« è¯æ±‡æµ‹è¯•3\",\"id\":994023650803843072,\"modifier\":\"Dincat\",\"modifyDate\":\"2022-07-05T23:35:06.418+08:00\",\"newRecord\":true,\"params\":{},\"startTime\":\"2022-07-05T23:35:06.417+08:00\",\"submitStatus\":0,\"tenantCode\":\"WorrilessGo\",\"userId\":1,\"userName\":\"è‹¥ä¾\"}','{\"msg\":\"æ“ä½œæˆåŠŸ\",\"code\":200,\"data\":{\"examRecord\":{\"applicationCode\":\"WorrilessGo\",\"createDate\":\"2022-07-05T23:35:06.418+08:00\",\"creator\":\"Dincat\",\"delFlag\":\"0\",\"deptName\":\"ç ”å‘éƒ¨é—¨\",\"examType\":1,\"examinationId\":991021918033281024,\"examinationName\":\"æ‰‹è¯­ç¿»è¯‘äººå‘˜ï¼ˆåˆçº§ï¼‰ç¬¬å…­ç« è¯æ±‡æµ‹è¯•3\",\"id\":994023650803843072,\"modifier\":\"Dincat\",\"modifyDate\":\"2022-07-05T23:35:06.418+08:00\",\"newRecord\":true,\"params\":{},\"startTime\":\"2022-07-05T23:35:06.417+08:00\",\"submitStatus\":0,\"tenantCode\":\"WorrilessGo\",\"userId\":1,\"userName\":\"è‹¥ä¾\"},\"examination\":{\"applicationCode\":\"WorrilessGo\",\"attention\":\"æ³¨æ„äº‹é¡¹111\",\"canRepeat\":\"Y\",\"createDate\":\"2022-06-27 16:47:18\",\"creator\":\"admin\",\"delFlag\":\"0\",\"duration\":60,\"endTime\":\"2022-12-31 00:00:00\",\"examinationName\":\"æ‰‹è¯­ç¿»è¯‘äººå‘˜ï¼ˆåˆçº§ï¼‰ç¬¬å…­ç« è¯æ±‡æµ‹è¯•3\",\"id\":991021918033281024,\"modifier\":\"admin\",\"modifyDate\":\"2022-06-27 16:47:18\",\"newRecord\":false,\"params\":{},\"rating\":0.0,\"remark\":\"å¤‡æ³¨22\",\"startTime\":\"2022-06-01 00:00:00\",\"status\":\"0\",\"subjectCount\":20,\"tenantCode\":\"WorrilessGo\",\"totalScore\":100,\"type\":1},\"subjectVO\":{\"answer\":{\"answerType\":1,\"applicationCode\":\"WorrilessGo\",\"createDate\":\"2022-07-05T23:35:10.915+08:00\",\"creator\":\"Dincat\",\"delFlag\":\"0\",\"examRecordId\":994023650803843072,\"id\":994023669665628160,\"markStatus\":0,\"modifier\":\"Dincat\",\"modifyDate\":\"2022-07-05T23:35:10.915+08:00\",\"newRecord\":true,\"params\":{},\"startTime\":\"2022-07-05T23:35:10.914+08:00\",\"subjectId\":991021967425404928,\"tenantCode\":\"WorrilessGo\",\"type\":0},\"categoryId\":81,\"choicesType\":0,\"creator\":\"admin\",\"delFlag\":\"0\",\"id\":991021967425404928,\"level\":2,\"modifier\":\"admin\",\"modifyDate\":\"2022-06-27 16:47:29\",\"newRecord\":false,\"params\":{},\"score\":5.0,\"subjectName\":\"æ‰‹è¯­\\\"ç´§\\\"çš„æ‰‹åŠ¿åŠ¨ä½œæ˜¯ï¼ˆ&nbsp;&nbsp;&nbsp;&nbsp;ï¼‰ã€‚\",\"type\":0}}}',0,NULL,'2022-07-05 23:35:12'),(120,'å¼€å§‹è€ƒè¯•',1,'com.wyg.exam.controller.ExaminationRecordController.start()','POST',1,'Dincat',NULL,'/record/start','192.168.1.147','','{\"applicationCode\":\"WorrilessGo\",\"createDate\":\"2022-07-05T23:35:26.894+08:00\",\"creator\":\"Dincat\",\"delFlag\":\"0\",\"deptName\":\"ç ”å‘éƒ¨é—¨\",\"examType\":1,\"examinationId\":991018027975704576,\"examinationName\":\"æ‰‹è¯­ç¿»è¯‘äººå‘˜ï¼ˆåˆçº§ï¼‰ç¬¬å…­ç« è¯æ±‡æµ‹è¯•\",\"id\":994023736686411777,\"modifier\":\"Dincat\",\"modifyDate\":\"2022-07-05T23:35:26.894+08:00\",\"newRecord\":true,\"params\":{},\"startTime\":\"2022-07-05T23:35:26.894+08:00\",\"submitStatus\":0,\"tenantCode\":\"WorrilessGo\",\"userId\":1,\"userName\":\"è‹¥ä¾\"}','{\"msg\":\"æ“ä½œæˆåŠŸ\",\"code\":200,\"data\":{\"examRecord\":{\"applicationCode\":\"WorrilessGo\",\"createDate\":\"2022-07-05T23:35:26.894+08:00\",\"creator\":\"Dincat\",\"delFlag\":\"0\",\"deptName\":\"ç ”å‘éƒ¨é—¨\",\"examType\":1,\"examinationId\":991018027975704576,\"examinationName\":\"æ‰‹è¯­ç¿»è¯‘äººå‘˜ï¼ˆåˆçº§ï¼‰ç¬¬å…­ç« è¯æ±‡æµ‹è¯•\",\"id\":994023736686411777,\"modifier\":\"Dincat\",\"modifyDate\":\"2022-07-05T23:35:26.894+08:00\",\"newRecord\":true,\"params\":{},\"startTime\":\"2022-07-05T23:35:26.894+08:00\",\"submitStatus\":0,\"tenantCode\":\"WorrilessGo\",\"userId\":1,\"userName\":\"è‹¥ä¾\"},\"examination\":{\"applicationCode\":\"WorrilessGo\",\"attention\":\"æ³¨æ„äº‹é¡¹111\",\"canRepeat\":\"Y\",\"createDate\":\"2022-06-27 16:31:50\",\"creator\":\"admin\",\"delFlag\":\"0\",\"duration\":60,\"endTime\":\"2022-12-31 00:00:00\",\"examinationName\":\"æ‰‹è¯­ç¿»è¯‘äººå‘˜ï¼ˆåˆçº§ï¼‰ç¬¬å…­ç« è¯æ±‡æµ‹è¯•\",\"id\":991018027975704576,\"modifier\":\"admin\",\"modifyDate\":\"2022-06-27 16:31:50\",\"newRecord\":false,\"params\":{},\"rating\":0.0,\"remark\":\"å¤‡æ³¨22\",\"startTime\":\"2022-06-01 00:00:00\",\"status\":\"0\",\"subjectCount\":20,\"tenantCode\":\"WorrilessGo\",\"totalScore\":100,\"type\":1},\"subjectVO\":{\"answer\":{\"answerType\":1,\"applicationCode\":\"WorrilessGo\",\"createDate\":\"2022-07-05T23:35:27.031+08:00\",\"creator\":\"Dincat\",\"delFlag\":\"0\",\"examRecordId\":994023736686411777,\"id\":994023737261031425,\"markStatus\":0,\"modifier\":\"Dincat\",\"modifyDate\":\"2022-07-05T23:35:27.031+08:00\",\"newRecord\":true,\"params\":{},\"startTime\":\"2022-07-05T23:35:27.031+08:00\",\"subjectId\":991018029812809744,\"tenantCode\":\"WorrilessGo\",\"type\":0},\"categoryId\":81,\"choicesType\":0,\"creator\":\"admin\",\"delFlag\":\"0\",\"id\":991018029812809744,\"level\":2,\"modifier\":\"admin\",\"modifyDate\":\"2022-06-27 16:31:51\",\"newRecord\":false,\"params\":{},\"score\":5.0,\"subjectName\":\"<img src=\'http://img.51shouyu.com/cgs\\\\d95e20d266b544ce884c31ba3c267d7a.jpeg\' />è¡¨ç¤ºçš„æ˜¯ï¼ˆ&nbsp;&nbsp;&nbsp;&nbsp;ï¼‰ã€‚\",\"type\":0}}}',0,NULL,'2022-07-05 23:35:28'),(121,'å¼€å§‹è€ƒè¯•',1,'com.wyg.exam.controller.ExaminationRecordController.start()','POST',1,'Dincat',NULL,'/record/start','192.168.1.147','','{\"applicationCode\":\"WorrilessGo\",\"createDate\":\"2022-07-05T23:35:45.467+08:00\",\"creator\":\"Dincat\",\"delFlag\":\"0\",\"deptName\":\"ç ”å‘éƒ¨é—¨\",\"examType\":1,\"examinationId\":991018027975704576,\"examinationName\":\"æ‰‹è¯­ç¿»è¯‘äººå‘˜ï¼ˆåˆçº§ï¼‰ç¬¬å…­ç« è¯æ±‡æµ‹è¯•\",\"id\":994023814587219969,\"modifier\":\"Dincat\",\"modifyDate\":\"2022-07-05T23:35:45.467+08:00\",\"newRecord\":true,\"params\":{},\"startTime\":\"2022-07-05T23:35:45.467+08:00\",\"submitStatus\":0,\"tenantCode\":\"WorrilessGo\",\"userId\":1,\"userName\":\"è‹¥ä¾\"}','{\"msg\":\"æ“ä½œæˆåŠŸ\",\"code\":200,\"data\":{\"examRecord\":{\"applicationCode\":\"WorrilessGo\",\"createDate\":\"2022-07-05T23:35:45.467+08:00\",\"creator\":\"Dincat\",\"delFlag\":\"0\",\"deptName\":\"ç ”å‘éƒ¨é—¨\",\"examType\":1,\"examinationId\":991018027975704576,\"examinationName\":\"æ‰‹è¯­ç¿»è¯‘äººå‘˜ï¼ˆåˆçº§ï¼‰ç¬¬å…­ç« è¯æ±‡æµ‹è¯•\",\"id\":994023814587219969,\"modifier\":\"Dincat\",\"modifyDate\":\"2022-07-05T23:35:45.467+08:00\",\"newRecord\":true,\"params\":{},\"startTime\":\"2022-07-05T23:35:45.467+08:00\",\"submitStatus\":0,\"tenantCode\":\"WorrilessGo\",\"userId\":1,\"userName\":\"è‹¥ä¾\"},\"examination\":{\"applicationCode\":\"WorrilessGo\",\"attention\":\"æ³¨æ„äº‹é¡¹111\",\"canRepeat\":\"Y\",\"createDate\":\"2022-06-27 16:31:50\",\"creator\":\"admin\",\"delFlag\":\"0\",\"duration\":60,\"endTime\":\"2022-12-31 00:00:00\",\"examinationName\":\"æ‰‹è¯­ç¿»è¯‘äººå‘˜ï¼ˆåˆçº§ï¼‰ç¬¬å…­ç« è¯æ±‡æµ‹è¯•\",\"id\":991018027975704576,\"modifier\":\"admin\",\"modifyDate\":\"2022-06-27 16:31:50\",\"newRecord\":false,\"params\":{},\"rating\":0.0,\"remark\":\"å¤‡æ³¨22\",\"startTime\":\"2022-06-01 00:00:00\",\"status\":\"0\",\"subjectCount\":20,\"tenantCode\":\"WorrilessGo\",\"totalScore\":100,\"type\":1},\"subjectVO\":{\"answer\":{\"answerType\":1,\"applicationCode\":\"WorrilessGo\",\"createDate\":\"2022-07-05T23:35:45.588+08:00\",\"creator\":\"Dincat\",\"delFlag\":\"0\",\"examRecordId\":994023814587219969,\"id\":994023815094730753,\"markStatus\":0,\"modifier\":\"Dincat\",\"modifyDate\":\"2022-07-05T23:35:45.588+08:00\",\"newRecord\":true,\"params\":{},\"startTime\":\"2022-07-05T23:35:45.588+08:00\",\"subjectId\":991018029812809744,\"tenantCode\":\"WorrilessGo\",\"type\":0},\"categoryId\":81,\"choicesType\":0,\"creator\":\"admin\",\"delFlag\":\"0\",\"id\":991018029812809744,\"level\":2,\"modifier\":\"admin\",\"modifyDate\":\"2022-06-27 16:31:51\",\"newRecord\":false,\"params\":{},\"score\":5.0,\"subjectName\":\"<img src=\'http://img.51shouyu.com/cgs\\\\d95e20d266b544ce884c31ba3c267d7a.jpeg\' />è¡¨ç¤ºçš„æ˜¯ï¼ˆ&nbsp;&nbsp;&nbsp;&nbsp;ï¼‰ã€‚\",\"type\":0}}}',0,NULL,'2022-07-05 23:35:46'),(122,'å¼€å§‹è€ƒè¯•',1,'com.wyg.exam.controller.ExaminationRecordController.start()','POST',1,'Dincat',NULL,'/record/start','192.168.1.147','','{\"applicationCode\":\"WorrilessGo\",\"createDate\":\"2022-07-05T23:36:08.838+08:00\",\"creator\":\"Dincat\",\"delFlag\":\"0\",\"deptName\":\"ç ”å‘éƒ¨é—¨\",\"examType\":1,\"examinationId\":990986532070359040,\"examinationName\":\"æ‰‹è¯­ç¿»è¯‘äººå‘˜ï¼ˆåˆçº§ï¼‰ç¬¬ä¸€ç« è¯æ±‡æµ‹è¯•\",\"id\":994023912612298753,\"modifier\":\"Dincat\",\"modifyDate\":\"2022-07-05T23:36:08.838+08:00\",\"newRecord\":true,\"params\":{},\"startTime\":\"2022-07-05T23:36:08.838+08:00\",\"submitStatus\":0,\"tenantCode\":\"WorrilessGo\",\"userId\":1,\"userName\":\"è‹¥ä¾\"}','{\"msg\":\"æ“ä½œæˆåŠŸ\",\"code\":200,\"data\":{\"examRecord\":{\"applicationCode\":\"WorrilessGo\",\"createDate\":\"2022-07-05T23:36:08.838+08:00\",\"creator\":\"Dincat\",\"delFlag\":\"0\",\"deptName\":\"ç ”å‘éƒ¨é—¨\",\"examType\":1,\"examinationId\":990986532070359040,\"examinationName\":\"æ‰‹è¯­ç¿»è¯‘äººå‘˜ï¼ˆåˆçº§ï¼‰ç¬¬ä¸€ç« è¯æ±‡æµ‹è¯•\",\"id\":994023912612298753,\"modifier\":\"Dincat\",\"modifyDate\":\"2022-07-05T23:36:08.838+08:00\",\"newRecord\":true,\"params\":{},\"startTime\":\"2022-07-05T23:36:08.838+08:00\",\"submitStatus\":0,\"tenantCode\":\"WorrilessGo\",\"userId\":1,\"userName\":\"è‹¥ä¾\"},\"examination\":{\"applicationCode\":\"WorrilessGo\",\"attention\":\"æ³¨æ„äº‹é¡¹111\",\"avatarId\":44,\"canRepeat\":\"Y\",\"createDate\":\"2022-06-27 14:26:41\",\"creator\":\"admin\",\"delFlag\":\"0\",\"duration\":60,\"endTime\":\"2022-10-31 00:00:00\",\"examinationName\":\"æ‰‹è¯­ç¿»è¯‘äººå‘˜ï¼ˆåˆçº§ï¼‰ç¬¬ä¸€ç« è¯æ±‡æµ‹è¯•\",\"id\":990986532070359040,\"logoUrl\":\"\",\"modifier\":\"admin\",\"modifyDate\":\"2022-06-27 14:26:41\",\"newRecord\":false,\"params\":{},\"rating\":0.0,\"remark\":\"å¤‡æ³¨22\",\"startTime\":\"2022-06-01 00:00:00\",\"status\":\"0\",\"subjectCount\":20,\"tenantCode\":\"WorrilessGo\",\"totalScore\":100,\"type\":1},\"subjectVO\":{\"answer\":{\"answerType\":1,\"applicationCode\":\"WorrilessGo\",\"createDate\":\"2022-07-05T23:36:08.958+08:00\",\"creator\":\"Dincat\",\"delFlag\":\"0\",\"examRecordId\":994023912612298753,\"id\":994023913115615233,\"markStatus\":0,\"modifier\":\"Dincat\",\"modifyDate\":\"2022-07-05T23:36:08.958+08:00\",\"newRecord\":true,\"params\":{},\"startTime\":\"2022-07-05T23:36:08.958+08:00\",\"subjectId\":990986541562068993,\"tenantCode\":\"WorrilessGo\",\"type\":0},\"categoryId\":0,\"choicesType\":0,\"creator\":\"admin\",\"delFlag\":\"0\",\"id\":990986541562068993,\"level\":2,\"modifier\":\"admin\",\"modifyDate\":\"2022-06-27 14:26:43\",\"newRecord\":false,\"params\":{},\"score\":5.0,\"subjectName\":\"<img src=\'http://img.51shouyu.com/cgs\\\\1281d962bff548118fb69f70222cdd3a.jpeg\' />è¡¨ç¤ºçš„æ˜¯ï¼ˆ&nbsp;&nbsp;&nbsp;&nbsp;ï¼‰ã€‚\",\"type\":0}}}',0,NULL,'2022-07-05 23:36:10'),(123,'å¼€å§‹è€ƒè¯•',1,'com.wyg.exam.controller.ExaminationRecordController.start()','POST',1,'Dincat',NULL,'/record/start','192.168.1.147','','{\"applicationCode\":\"WorrilessGo\",\"createDate\":\"2022-07-05T23:36:29.481+08:00\",\"creator\":\"Dincat\",\"delFlag\":\"0\",\"deptName\":\"ç ”å‘éƒ¨é—¨\",\"examType\":1,\"examinationId\":991015645195796480,\"examinationName\":\"æ‰‹è¯­ç¿»è¯‘äººå‘˜ï¼ˆåˆçº§ï¼‰ç¬¬å…­ç« è¯æ±‡æµ‹è¯•\",\"id\":994023999195316225,\"modifier\":\"Dincat\",\"modifyDate\":\"2022-07-05T23:36:29.481+08:00\",\"newRecord\":true,\"params\":{},\"startTime\":\"2022-07-05T23:36:29.481+08:00\",\"submitStatus\":0,\"tenantCode\":\"WorrilessGo\",\"userId\":1,\"userName\":\"è‹¥ä¾\"}','{\"msg\":\"æ“ä½œæˆåŠŸ\",\"code\":200,\"data\":{\"examRecord\":{\"applicationCode\":\"WorrilessGo\",\"createDate\":\"2022-07-05T23:36:29.481+08:00\",\"creator\":\"Dincat\",\"delFlag\":\"0\",\"deptName\":\"ç ”å‘éƒ¨é—¨\",\"examType\":1,\"examinationId\":991015645195796480,\"examinationName\":\"æ‰‹è¯­ç¿»è¯‘äººå‘˜ï¼ˆåˆçº§ï¼‰ç¬¬å…­ç« è¯æ±‡æµ‹è¯•\",\"id\":994023999195316225,\"modifier\":\"Dincat\",\"modifyDate\":\"2022-07-05T23:36:29.481+08:00\",\"newRecord\":true,\"params\":{},\"startTime\":\"2022-07-05T23:36:29.481+08:00\",\"submitStatus\":0,\"tenantCode\":\"WorrilessGo\",\"userId\":1,\"userName\":\"è‹¥ä¾\"},\"examination\":{\"applicationCode\":\"WorrilessGo\",\"attention\":\"æ³¨æ„äº‹é¡¹111\",\"canRepeat\":\"Y\",\"createDate\":\"2022-06-27 16:22:22\",\"creator\":\"admin\",\"delFlag\":\"0\",\"duration\":60,\"endTime\":\"2022-12-31 00:00:00\",\"examinationName\":\"æ‰‹è¯­ç¿»è¯‘äººå‘˜ï¼ˆåˆçº§ï¼‰ç¬¬å…­ç« è¯æ±‡æµ‹è¯•\",\"id\":991015645195796480,\"modifier\":\"admin\",\"modifyDate\":\"2022-06-27 16:22:22\",\"newRecord\":false,\"params\":{},\"rating\":0.0,\"remark\":\"å¤‡æ³¨22\",\"startTime\":\"2022-06-01 00:00:00\",\"status\":\"0\",\"subjectCount\":20,\"tenantCode\":\"WorrilessGo\",\"totalScore\":100,\"type\":1},\"subjectVO\":{\"answer\":{\"answerType\":1,\"applicationCode\":\"WorrilessGo\",\"createDate\":\"2022-07-05T23:36:29.6+08:00\",\"creator\":\"Dincat\",\"delFlag\":\"0\",\"examRecordId\":994023999195316225,\"id\":994023999694438401,\"markStatus\":0,\"modifier\":\"Dincat\",\"modifyDate\":\"2022-07-05T23:36:29.6+08:00\",\"newRecord\":true,\"params\":{},\"startTime\":\"2022-07-05T23:36:29.6+08:00\",\"subjectId\":991015646202429451,\"tenantCode\":\"WorrilessGo\",\"type\":0},\"categoryId\":81,\"choicesType\":0,\"creator\":\"admin\",\"delFlag\":\"0\",\"id\":991015646202429451,\"level\":2,\"modifier\":\"admin\",\"modifyDate\":\"2022-06-27 16:22:22\",\"newRecord\":false,\"params\":{},\"score\":5.0,\"subjectName\":\"<img src=\'http://img.51shouyu.com/cgs\\\\fd821755fe394a51935f14cd8a678647.jpeg\' />è¡¨ç¤ºçš„æ˜¯ï¼ˆ&nbsp;&nbsp;&nbsp;&nbsp;ï¼‰ã€‚\",\"type\":0}}}',0,NULL,'2022-07-05 23:36:30'),(124,'å¼€å§‹è€ƒè¯•',1,'com.wyg.exam.controller.ExaminationRecordController.start()','POST',1,'Dincat',NULL,'/record/start','192.168.1.147','','{\"applicationCode\":\"WorrilessGo\",\"createDate\":\"2022-07-05T23:36:48.357+08:00\",\"creator\":\"Dincat\",\"delFlag\":\"0\",\"deptName\":\"ç ”å‘éƒ¨é—¨\",\"examType\":2,\"examinationId\":979156982772531200,\"examinationName\":\"æ‰‹è¯­ç¿»è¯‘äººå‘˜ï¼ˆåˆçº§ï¼‰ç¬¬äºŒç« ç»ƒä¹ å·\",\"id\":994024078366998529,\"modifier\":\"Dincat\",\"modifyDate\":\"2022-07-05T23:36:48.357+08:00\",\"newRecord\":true,\"params\":{},\"startTime\":\"2022-07-05T23:36:48.357+08:00\",\"submitStatus\":0,\"tenantCode\":\"WorrilessGo\",\"userId\":1,\"userName\":\"è‹¥ä¾\"}','{\"msg\":\"æ“ä½œæˆåŠŸ\",\"code\":200,\"data\":{\"examRecord\":{\"applicationCode\":\"WorrilessGo\",\"createDate\":\"2022-07-05T23:36:48.357+08:00\",\"creator\":\"Dincat\",\"delFlag\":\"0\",\"deptName\":\"ç ”å‘éƒ¨é—¨\",\"examType\":2,\"examinationId\":979156982772531200,\"examinationName\":\"æ‰‹è¯­ç¿»è¯‘äººå‘˜ï¼ˆåˆçº§ï¼‰ç¬¬äºŒç« ç»ƒä¹ å·\",\"id\":994024078366998529,\"modifier\":\"Dincat\",\"modifyDate\":\"2022-07-05T23:36:48.357+08:00\",\"newRecord\":true,\"params\":{},\"startTime\":\"2022-07-05T23:36:48.357+08:00\",\"submitStatus\":0,\"tenantCode\":\"WorrilessGo\",\"userId\":1,\"userName\":\"è‹¥ä¾\"},\"examination\":{\"applicationCode\":\"WorrilessGo\",\"attention\":\"ã€Šæ‰‹è¯­ç¿»è¯‘äººå‘˜ï¼ˆåˆçº§ï¼‰ã€‹ç¬¬äºŒç« è¯æ±‡ç»ƒä¹ å·ï¼Œ16é“è¯æ±‡é¢˜ï¼Œ4é“ã€Šæ‰‹è¯­ç¿»è¯‘æ¦‚è®ºã€‹é¢˜ã€‚\",\"avatarId\":44,\"canRepeat\":\"Y\",\"createDate\":\"2022-05-25 23:00:17\",\"creator\":\"admin\",\"delFlag\":\"0\",\"duration\":60,\"endTime\":\"2022-12-31 00:00:00\",\"examinationName\":\"æ‰‹è¯­ç¿»è¯‘äººå‘˜ï¼ˆåˆçº§ï¼‰ç¬¬äºŒç« ç»ƒä¹ å·\",\"id\":979156982772531200,\"logoUrl\":\"\",\"modifier\":\"admin\",\"modifyDate\":\"2022-05-25 23:00:17\",\"newRecord\":false,\"params\":{},\"rating\":4.0,\"remark\":\"ã€Šæ‰‹è¯­ç¿»è¯‘äººå‘˜ï¼ˆåˆçº§ï¼‰ã€‹ç¬¬äºŒç« è¯æ±‡ç»ƒä¹ å·\",\"startTime\":\"2022-05-01 00:00:00\",\"status\":\"0\",\"subjectCount\":20,\"tenantCode\":\"WorrilessGo\",\"totalScore\":100,\"type\":2},\"subjectVO\":{\"answer\":{\"answerType\":1,\"applicationCode\":\"WorrilessGo\",\"createDate\":\"2022-07-05T23:36:48.451+08:00\",\"creator\":\"Dincat\",\"delFlag\":\"0\",\"examRecordId\":994024078366998529,\"id\":994024078761263105,\"markStatus\":0,\"modifier\":\"Dincat\",\"modifyDate\":\"2022-07-05T23:36:48.451+08:00\",\"newRecord\":true,\"params\":{},\"startTime\":\"2022-07-05T23:36:48.451+08:00\",\"subjectId\":979156987025555458,\"tenantCode\":\"WorrilessGo\",\"type\":0},\"categoryId\":69,\"choicesType\":0,\"creator\":\"admin\",\"delFlag\":\"0\",\"id\":979156987025555458,\"level\":2,\"modifier\":\"admin\",\"modifyDate\":\"2022-05-25 23:00:18\",\"newRecord\":false,\"params\":{},\"score\":5.0,\"subjectName\":\"æ‰‹è¯­\\\"ç»ç†\\\"çš„æ‰‹åŠ¿åŠ¨ä½œæ˜¯ï¼ˆ&nbsp;&nbsp;&nbsp;&nbsp;ï¼‰ã€‚\",\"type\":0}}}',0,NULL,'2022-07-05 23:36:49'),(125,'æäº¤ç­”é¢˜',2,'com.wyg.exam.controller.AnswerController.submit()','POST',1,'Dincat',NULL,'/answer/submit','192.168.1.147','','{\"applicationCode\":\"WorrilessGo\",\"delFlag\":\"0\",\"examRecordId\":994024078366998529,\"modifier\":\"Dincat\",\"newRecord\":true,\"params\":{},\"tenantCode\":\"WorrilessGo\"}','{\"msg\":\"æ“ä½œæˆåŠŸ\",\"code\":200,\"data\":true}',0,NULL,'2022-07-05 23:50:22'),(126,'å¼€å§‹è€ƒè¯•',1,'com.wyg.exam.controller.ExaminationRecordController.start()','POST',1,'Dincat',NULL,'/record/start','127.0.0.1','','{\"applicationCode\":\"WorrilessGo\",\"createDate\":\"2022-07-12T11:02:36.127+08:00\",\"creator\":\"Dincat\",\"delFlag\":\"0\",\"deptName\":\"ç ”å‘éƒ¨é—¨\",\"examType\":1,\"examinationId\":991021918033281024,\"examinationName\":\"æ‰‹è¯­ç¿»è¯‘äººå‘˜ï¼ˆåˆçº§ï¼‰ç¬¬å…­ç« è¯æ±‡æµ‹è¯•3\",\"id\":996370991816900608,\"modifier\":\"Dincat\",\"modifyDate\":\"2022-07-12T11:02:36.127+08:00\",\"newRecord\":true,\"params\":{},\"startTime\":\"2022-07-12T11:02:36.126+08:00\",\"submitStatus\":0,\"tenantCode\":\"WorrilessGo\",\"userId\":1,\"userName\":\"è‹¥ä¾\"}','{\"msg\":\"æ“ä½œæˆåŠŸ\",\"code\":200,\"data\":{\"examRecord\":{\"applicationCode\":\"WorrilessGo\",\"createDate\":\"2022-07-12T11:02:36.127+08:00\",\"creator\":\"Dincat\",\"delFlag\":\"0\",\"deptName\":\"ç ”å‘éƒ¨é—¨\",\"examType\":1,\"examinationId\":991021918033281024,\"examinationName\":\"æ‰‹è¯­ç¿»è¯‘äººå‘˜ï¼ˆåˆçº§ï¼‰ç¬¬å…­ç« è¯æ±‡æµ‹è¯•3\",\"id\":996370991816900608,\"modifier\":\"Dincat\",\"modifyDate\":\"2022-07-12T11:02:36.127+08:00\",\"newRecord\":true,\"params\":{},\"startTime\":\"2022-07-12T11:02:36.126+08:00\",\"submitStatus\":0,\"tenantCode\":\"WorrilessGo\",\"userId\":1,\"userName\":\"è‹¥ä¾\"},\"examination\":{\"applicationCode\":\"WorrilessGo\",\"attention\":\"æ³¨æ„äº‹é¡¹111\",\"canRepeat\":\"Y\",\"createDate\":\"2022-06-27 16:47:18\",\"creator\":\"admin\",\"delFlag\":\"0\",\"duration\":60,\"endTime\":\"2022-12-31 00:00:00\",\"examinationName\":\"æ‰‹è¯­ç¿»è¯‘äººå‘˜ï¼ˆåˆçº§ï¼‰ç¬¬å…­ç« è¯æ±‡æµ‹è¯•3\",\"id\":991021918033281024,\"modifier\":\"admin\",\"modifyDate\":\"2022-06-27 16:47:18\",\"newRecord\":false,\"params\":{},\"rating\":0.0,\"remark\":\"å¤‡æ³¨22\",\"startTime\":\"2022-06-01 00:00:00\",\"status\":\"0\",\"subjectCount\":20,\"tenantCode\":\"WorrilessGo\",\"totalScore\":100,\"type\":1},\"subjectVO\":{\"answer\":{\"answerType\":1,\"applicationCode\":\"WorrilessGo\",\"createDate\":\"2022-07-12T11:02:36.279+08:00\",\"creator\":\"Dincat\",\"delFlag\":\"0\",\"examRecordId\":996370991816900608,\"id\":996370992454434817,\"markStatus\":0,\"modifier\":\"Dincat\",\"modifyDate\":\"2022-07-12T11:02:36.279+08:00\",\"newRecord\":true,\"params\":{},\"startTime\":\"2022-07-12T11:02:36.279+08:00\",\"subjectId\":991021967425404928,\"tenantCode\":\"WorrilessGo\",\"type\":0},\"categoryId\":81,\"choicesType\":0,\"creator\":\"admin\",\"delFlag\":\"0\",\"id\":991021967425404928,\"level\":2,\"modifier\":\"admin\",\"modifyDate\":\"2022-06-27 16:47:29\",\"newRecord\":false,\"options\":[{\"applicationCode\":\"WorrilessGo\",\"createDate\":\"2022-06-27 16:47:44\",\"creator\":\"admin\",\"delFlag\":\"0\",\"id\":991022027328454656,\"modifier\":\"admin\",\"modifyDate\":\"2022-06-27 16:47:44\",\"newRecord\":false,\"optionContent\":\"ä¸€æ‰‹å…ˆè™šæ¡ï¼Œå†æ¡ç´§ã€‚<br/>ï¼ˆå¯æ ¹æ®å®é™…è¡¨ç¤ºç´§çš„çŠ¶æ€ï¼‰\",\"optionName\":\"A\",\"params\":{},\"subjectChoicesId\":991021967425404928,\"tenantCode\":\"WorrilessGo\",\"wordId\":8276},{\"applicationCode\":\"WorrilessGo\",\"createDate\":\"2022',0,NULL,'2022-07-12 11:02:36'),(127,'æäº¤ç­”é¢˜',2,'com.wyg.exam.controller.AnswerController.submit()','POST',1,'Dincat',NULL,'/answer/submit','127.0.0.1','','{\"applicationCode\":\"WorrilessGo\",\"delFlag\":\"0\",\"examRecordId\":996370991816900608,\"modifier\":\"Dincat\",\"newRecord\":true,\"params\":{},\"tenantCode\":\"WorrilessGo\"}','{\"msg\":\"æ“ä½œæˆåŠŸ\",\"code\":200,\"data\":true}',0,NULL,'2022-07-12 12:03:16'),(128,'ä»£ç ç”Ÿæˆ',6,'com.wyg.gen.controller.GenController.importTableSave()','POST',1,'Dincat',NULL,'/gen/importTable','127.0.0.1','','sys_config_group','{\"msg\":\"æ“ä½œæˆåŠŸ\",\"code\":200}',0,NULL,'2022-07-13 17:46:30'),(129,'ä»£ç ç”Ÿæˆ',2,'com.wyg.gen.controller.GenController.editSave()','PUT',1,'Dincat',NULL,'/gen','127.0.0.1','','{\"businessName\":\"group\",\"className\":\"SysConfigGroup\",\"columns\":[{\"capJavaField\":\"Id\",\"columnComment\":\"åˆ†ç»„ID\",\"columnId\":1,\"columnName\":\"id\",\"columnType\":\"int(11)\",\"createBy\":\"Dincat\",\"createTime\":\"2022-07-13 17:46:27\",\"dictType\":\"\",\"edit\":false,\"htmlType\":\"input\",\"increment\":true,\"insert\":true,\"isIncrement\":\"1\",\"isInsert\":\"1\",\"isPk\":\"1\",\"javaField\":\"id\",\"javaType\":\"Long\",\"list\":false,\"params\":{},\"pk\":true,\"query\":false,\"queryType\":\"EQ\",\"required\":false,\"sort\":1,\"superColumn\":false,\"tableId\":1,\"updateBy\":\"\",\"usableColumn\":false},{\"capJavaField\":\"GroupName\",\"columnComment\":\"åˆ†ç»„åç§°\",\"columnId\":2,\"columnName\":\"group_name\",\"columnType\":\"varchar(100)\",\"createBy\":\"Dincat\",\"createTime\":\"2022-07-13 17:46:27\",\"dictType\":\"\",\"edit\":true,\"htmlType\":\"input\",\"increment\":false,\"insert\":true,\"isEdit\":\"1\",\"isIncrement\":\"0\",\"isInsert\":\"1\",\"isList\":\"1\",\"isPk\":\"0\",\"isQuery\":\"1\",\"javaField\":\"groupName\",\"javaType\":\"String\",\"list\":true,\"params\":{},\"pk\":false,\"query\":true,\"queryType\":\"LIKE\",\"required\":false,\"sort\":2,\"superColumn\":false,\"tableId\":1,\"updateBy\":\"\",\"usableColumn\":false},{\"capJavaField\":\"GroupCode\",\"columnComment\":\"åˆ†ç»„ç¼–ç \",\"columnId\":3,\"columnName\":\"group_code\",\"columnType\":\"varchar(100)\",\"createBy\":\"Dincat\",\"createTime\":\"2022-07-13 17:46:27\",\"dictType\":\"\",\"edit\":true,\"htmlType\":\"input\",\"increment\":false,\"insert\":true,\"isEdit\":\"1\",\"isIncrement\":\"0\",\"isInsert\":\"1\",\"isList\":\"1\",\"isPk\":\"0\",\"isQuery\":\"1\",\"javaField\":\"groupCode\",\"javaType\":\"String\",\"list\":true,\"params\":{},\"pk\":false,\"query\":true,\"queryType\":\"EQ\",\"required\":false,\"sort\":3,\"superColumn\":false,\"tableId\":1,\"updateBy\":\"\",\"usableColumn\":false},{\"capJavaField\":\"OrderNum\",\"columnComment\":\"æ˜¾ç¤ºé¡ºåº\",\"columnId\":4,\"columnName\":\"order_num\",\"columnType\":\"varchar(45)\",\"createBy\":\"Dincat\",\"createTime\":\"2022-07-13 17:46:27\",\"dictType\":\"\",\"edit\":true,\"htmlType\":\"input\",\"increment\":false,\"insert\":true,\"isEdit\":\"1\",\"isIncrement\":\"0\",\"isInsert\":\"1\",\"isList\":\"1\",\"isPk\":\"0\",\"javaField\":\"orderNum\",\"javaType\":\"String\",\"list\":true,\"params\":{},\"pk\":fa','{\"msg\":\"æ“ä½œæˆåŠŸ\",\"code\":200}',0,NULL,'2022-07-13 17:48:05'),(130,'ä»£ç ç”Ÿæˆ',8,'com.wyg.gen.controller.GenController.batchGenCode()','GET',1,'Dincat',NULL,'/gen/batchGenCode','127.0.0.1','',NULL,NULL,0,NULL,'2022-07-13 17:48:23'),(131,'èœå•ç®¡ç†',2,'com.wyg.system.controller.SysMenuController.edit()','PUT',1,'Dincat',NULL,'/menu','127.0.0.1','','{\"children\":[],\"component\":\"system/config/group\",\"createTime\":\"2022-07-13 18:11:38\",\"icon\":\"tree\",\"isCache\":\"0\",\"isFrame\":\"1\",\"menuId\":2016,\"menuName\":\"å‚æ•°åˆ†ç»„\",\"menuType\":\"C\",\"orderNum\":7,\"params\":{},\"parentId\":1,\"path\":\"group\",\"perms\":\"system:config:group:list\",\"status\":\"0\",\"updateBy\":\"Dincat\",\"visible\":\"0\"}','{\"msg\":\"æ“ä½œæˆåŠŸ\",\"code\":200}',0,NULL,'2022-07-13 18:14:40'),(132,'å‚æ•°åˆ†ç»„',1,'com.wyg.system.controller.SysConfigGroupController.add()','POST',1,'Dincat',NULL,'/config/group','127.0.0.1','','{\"createTime\":\"2022-07-13T18:19:06.895+08:00\",\"groupCode\":\"system\",\"groupName\":\"ç³»ç»Ÿå‚æ•°\",\"id\":1,\"orderNum\":\"0\",\"params\":{}}','{\"msg\":\"æ“ä½œæˆåŠŸ\",\"code\":200}',0,NULL,'2022-07-13 18:19:06'),(133,'èœå•ç®¡ç†',2,'com.wyg.system.controller.SysMenuController.edit()','PUT',1,'Dincat',NULL,'/menu','127.0.0.1','','{\"children\":[],\"component\":\"wechat/config/index\",\"createTime\":\"2022-07-02 23:58:05\",\"icon\":\"edit\",\"isCache\":\"0\",\"isFrame\":\"1\",\"menuId\":2010,\"menuName\":\"å¾®ä¿¡é…ç½®\",\"menuType\":\"C\",\"orderNum\":1,\"params\":{},\"parentId\":1680,\"path\":\"config\",\"perms\":\"wechat:config:list\",\"status\":\"0\",\"updateBy\":\"Dincat\",\"visible\":\"0\"}','{\"msg\":\"æ“ä½œæˆåŠŸ\",\"code\":200}',0,NULL,'2022-07-14 11:29:43'),(134,'èœå•ç®¡ç†',3,'com.wyg.system.controller.SysMenuController.remove()','DELETE',1,'Dincat',NULL,'/menu/2003','127.0.0.1','',NULL,'{\"msg\":\"æ“ä½œæˆåŠŸ\",\"code\":200}',0,NULL,'2022-07-14 11:30:00'),(135,'å‚æ•°åˆ†ç»„',2,'com.wyg.system.controller.SysConfigGroupController.edit()','PUT',1,'Dincat',NULL,'/config/group','127.0.0.1','','{\"createTime\":\"2022-07-13 18:19:07\",\"groupCode\":\"System\",\"groupName\":\"ç³»ç»Ÿå‚æ•°\",\"id\":1,\"orderNum\":\"0\",\"params\":{},\"updateTime\":\"2022-07-14T11:32:05.911+08:00\"}','{\"msg\":\"æ“ä½œæˆåŠŸ\",\"code\":200}',0,NULL,'2022-07-14 11:32:05'),(136,'å‚æ•°åˆ†ç»„',2,'com.wyg.system.controller.SysConfigGroupController.edit()','PUT',1,'Dincat',NULL,'/config/group','127.0.0.1','','{\"createTime\":\"2022-07-13 18:19:07\",\"groupCode\":\"System\",\"groupName\":\"ç³»ç»Ÿå‚æ•°\",\"id\":1,\"orderNum\":\"1\",\"params\":{},\"updateTime\":\"2022-07-14T11:32:13.293+08:00\"}','{\"msg\":\"æ“ä½œæˆåŠŸ\",\"code\":200}',0,NULL,'2022-07-14 11:32:12'),(137,'å‚æ•°åˆ†ç»„',1,'com.wyg.system.controller.SysConfigGroupController.add()','POST',1,'Dincat',NULL,'/config/group','127.0.0.1','','{\"createTime\":\"2022-07-14T11:34:57.479+08:00\",\"groupCode\":\"FileUpload\",\"groupName\":\"æ–‡ä»¶ä¸Šä¼ \",\"id\":2,\"orderNum\":\"2\",\"params\":{}}','{\"msg\":\"æ“ä½œæˆåŠŸ\",\"code\":200}',0,NULL,'2022-07-14 11:34:56'),(138,'å‚æ•°ç®¡ç†',1,'com.wyg.system.controller.SysConfigController.add()','POST',1,'Dincat',NULL,'/config','127.0.0.1','','{\"configKey\":\"file.upload.client.type\",\"configName\":\"å®¢æˆ·ç«¯ç±»å‹\",\"configType\":\"Y\",\"configValue\":\"Aliyun\",\"createBy\":\"Dincat\",\"groupCode\":\"FileUpload\",\"groupId\":\"2\",\"params\":{},\"remark\":\"å‚æ•°é”®å€¼é€‰é¡¹ï¼šLocalã€Aliyunã€Minioã€FastDfsã€QianNiu\"}','{\"msg\":\"æ“ä½œæˆåŠŸ\",\"code\":200}',0,NULL,'2022-07-14 12:35:32'),(139,'å‚æ•°ç®¡ç†',1,'com.wyg.system.controller.SysConfigController.add()','POST',1,'Dincat',NULL,'/config','127.0.0.1','','{\"configKey\":\"file.upload.base.dir\",\"configName\":\"æ ¹ç›®å½•åç§°\",\"configType\":\"Y\",\"configValue\":\"WorrilessGo\",\"createBy\":\"Dincat\",\"groupCode\":\"FileUpload\",\"groupId\":\"2\",\"params\":{}}','{\"msg\":\"æ“ä½œæˆåŠŸ\",\"code\":200}',0,NULL,'2022-07-14 12:40:01'),(140,'å‚æ•°ç®¡ç†',1,'com.wyg.system.controller.SysConfigController.add()','POST',1,'Dincat',NULL,'/config','127.0.0.1','','{\"configKey\":\"file.upload.allowed.extentsion\",\"configName\":\"å…è®¸æ‰©å±•å\",\"configType\":\"Y\",\"configValue\":\"bmp, gif, jpg, jpeg, png,doc, docx, xls, xlsx, ppt, pptx, html, htm, txt,rar, zip, gz, bz2,pdf\",\"createBy\":\"Dincat\",\"groupCode\":\"FileUpload\",\"groupId\":\"2\",\"params\":{}}','{\"msg\":\"æ“ä½œæˆåŠŸ\",\"code\":200}',0,NULL,'2022-07-14 12:47:21'),(141,'å‚æ•°ç®¡ç†',1,'com.wyg.system.controller.SysConfigController.add()','POST',1,'Dincat',NULL,'/config','127.0.0.1','','{\"configKey\":\"file.upload.maxsize\",\"configName\":\"æ–‡ä»¶å¤§å°é™åˆ¶ï¼ˆMBï¼‰\",\"configType\":\"Y\",\"configValue\":\"50\",\"createBy\":\"Dincat\",\"groupCode\":\"FileUpload\",\"groupId\":\"2\",\"params\":{}}','{\"msg\":\"æ“ä½œæˆåŠŸ\",\"code\":200}',0,NULL,'2022-07-14 12:49:06'),(142,'å‚æ•°ç®¡ç†',1,'com.wyg.system.controller.SysConfigController.add()','POST',1,'Dincat',NULL,'/config','127.0.0.1','','{\"configKey\":\"file.upload.aliyun.domain\",\"configName\":\"é˜¿é‡Œäº‘OSSåŸŸå\",\"configType\":\"Y\",\"configValue\":\"http://worrilessgo.oss-cn-guangzhou.aliyuncs.com/\",\"createBy\":\"Dincat\",\"groupCode\":\"FileUpload\",\"groupId\":\"2\",\"params\":{}}','{\"msg\":\"æ“ä½œæˆåŠŸ\",\"code\":200}',0,NULL,'2022-07-14 12:52:45'),(143,'å‚æ•°ç®¡ç†',1,'com.wyg.system.controller.SysConfigController.add()','POST',1,'Dincat',NULL,'/config','127.0.0.1','','{\"configKey\":\"file.upload.aliyun.endpoint\",\"configName\":\"é˜¿é‡Œäº‘OSS Endpoint\",\"configType\":\"Y\",\"configValue\":\"oss-cn-guangzhou.aliyuncs.com\",\"createBy\":\"Dincat\",\"groupCode\":\"FileUpload\",\"groupId\":\"2\",\"params\":{}}','{\"msg\":\"æ“ä½œæˆåŠŸ\",\"code\":200}',0,NULL,'2022-07-14 12:54:15'),(144,'å‚æ•°ç®¡ç†',1,'com.wyg.system.controller.SysConfigController.add()','POST',1,'Dincat',NULL,'/config','127.0.0.1','','{\"configKey\":\"file.upload.aliyun.accesskey\",\"configName\":\"é˜¿é‡Œäº‘OSS Access Key Id\",\"configType\":\"Y\",\"configValue\":\"LTAI5t819JajMNxF4vVevkAi\",\"createBy\":\"Dincat\",\"params\":{}}','{\"msg\":\"æ“ä½œæˆåŠŸ\",\"code\":200}',0,NULL,'2022-07-14 12:55:37'),(145,'å‚æ•°ç®¡ç†',1,'com.wyg.system.controller.SysConfigController.add()','POST',1,'Dincat',NULL,'/config','127.0.0.1','','{\"configKey\":\"file.upload.aliyun.accesskey\",\"configName\":\"é˜¿é‡Œäº‘OSS Access Key ID\",\"configType\":\"Y\",\"configValue\":\"LTAI5t819JajMNxF4vVevkAi\",\"groupCode\":\"FileUpload\",\"groupId\":\"2\",\"params\":{}}','{\"msg\":\"æ–°å¢å‚æ•°\'é˜¿é‡Œäº‘OSS Access Key ID\'å¤±è´¥ï¼Œå‚æ•°é”®åå·²å­˜åœ¨\",\"code\":500}',0,NULL,'2022-07-14 12:57:29'),(146,'å‚æ•°ç®¡ç†',1,'com.wyg.system.controller.SysConfigController.add()','POST',1,'Dincat',NULL,'/config','127.0.0.1','','{\"configKey\":\"file.upload.minio.url\",\"configName\":\"MinioæœåŠ¡å™¨åœ°å€\",\"configType\":\"Y\",\"configValue\":\"http://minio.WorrilessGo.com\",\"createBy\":\"Dincat\",\"groupCode\":\"FileUpload\",\"groupId\":\"2\",\"params\":{}}','{\"msg\":\"æ“ä½œæˆåŠŸ\",\"code\":200}',0,NULL,'2022-07-14 13:02:11'),(147,'å‚æ•°ç®¡ç†',2,'com.wyg.system.controller.SysConfigController.edit()','PUT',1,'Dincat',NULL,'/config','127.0.0.1','','{\"configId\":107,\"configKey\":\"file.upload.minio.url\",\"configName\":\"MinioæœåŠ¡å™¨åœ°å€\",\"configType\":\"N\",\"configValue\":\"http://minio.WorrilessGo.com\",\"createBy\":\"Dincat\",\"createTime\":\"2022-07-14 13:02:11\",\"groupCode\":\"FileUpload\",\"groupId\":\"2\",\"params\":{},\"updateBy\":\"Dincat\"}','{\"msg\":\"æ“ä½œæˆåŠŸ\",\"code\":200}',0,NULL,'2022-07-14 13:03:01'),(148,'å‚æ•°ç®¡ç†',2,'com.wyg.system.controller.SysConfigController.edit()','PUT',1,'Dincat',NULL,'/config','127.0.0.1','','{\"configId\":107,\"configKey\":\"file.upload.aliyun.bucket\",\"configName\":\"é˜¿é‡Œäº‘OSS Bucket\",\"configType\":\"N\",\"configValue\":\"worrilessgo\",\"createBy\":\"Dincat\",\"createTime\":\"2022-07-14 13:02:11\",\"groupCode\":\"FileUpload\",\"groupId\":\"2\",\"params\":{},\"updateBy\":\"Dincat\",\"updateTime\":\"2022-07-14 13:03:01\"}','{\"msg\":\"æ“ä½œæˆåŠŸ\",\"code\":200}',0,NULL,'2022-07-14 13:03:45'),(149,'å‚æ•°ç®¡ç†',2,'com.wyg.system.controller.SysConfigController.edit()','PUT',1,'Dincat',NULL,'/config','127.0.0.1','','{\"configId\":107,\"configKey\":\"file.upload.aliyun.bucket\",\"configName\":\"é˜¿é‡Œäº‘OSS Bucket\",\"configType\":\"Y\",\"configValue\":\"worrilessgo\",\"createBy\":\"Dincat\",\"createTime\":\"2022-07-14 13:02:11\",\"groupCode\":\"FileUpload\",\"groupId\":\"2\",\"params\":{},\"updateBy\":\"Dincat\",\"updateTime\":\"2022-07-14 13:03:45\"}','{\"msg\":\"æ“ä½œæˆåŠŸ\",\"code\":200}',0,NULL,'2022-07-14 13:03:50'),(150,'å‚æ•°ç®¡ç†',2,'com.wyg.system.controller.SysConfigController.edit()','PUT',1,'Dincat',NULL,'/config','127.0.0.1','','{\"configId\":107,\"configKey\":\"file.upload.aliyun.secret\",\"configName\":\"é˜¿é‡Œäº‘OSS Access Secret\",\"configType\":\"Y\",\"configValue\":\"wZwTdqFTRsH9hmnf62pyPML05Tnrm4\",\"createBy\":\"Dincat\",\"createTime\":\"2022-07-14 13:02:11\",\"groupCode\":\"FileUpload\",\"groupId\":\"2\",\"params\":{},\"updateBy\":\"Dincat\",\"updateTime\":\"2022-07-14 13:03:50\"}','{\"msg\":\"æ“ä½œæˆåŠŸ\",\"code\":200}',0,NULL,'2022-07-14 13:06:17'),(151,'å‚æ•°ç®¡ç†',1,'com.wyg.system.controller.SysConfigController.add()','POST',1,'Dincat',NULL,'/config','127.0.0.1','','{\"configKey\":\"file.upload.aliyun.bucket\",\"configName\":\"é˜¿é‡Œäº‘OSS Bucket\",\"configType\":\"Y\",\"configValue\":\"worrilessgo\",\"createBy\":\"Dincat\",\"params\":{}}','{\"msg\":\"æ“ä½œæˆåŠŸ\",\"code\":200}',0,NULL,'2022-07-14 13:08:03'),(152,'å‚æ•°ç®¡ç†',2,'com.wyg.system.controller.SysConfigController.edit()','PUT',1,'Dincat',NULL,'/config','127.0.0.1','','{\"configId\":107,\"configKey\":\"file.upload.aliyun.secret\",\"configName\":\"é˜¿é‡Œäº‘OSS Access Key Secret\",\"configType\":\"Y\",\"configValue\":\"wZwTdqFTRsH9hmnf62pyPML05Tnrm4\",\"createBy\":\"Dincat\",\"createTime\":\"2022-07-14 13:02:11\",\"groupCode\":\"FileUpload\",\"groupId\":\"2\",\"params\":{},\"updateBy\":\"Dincat\",\"updateTime\":\"2022-07-14 13:06:17\"}','{\"msg\":\"æ“ä½œæˆåŠŸ\",\"code\":200}',0,NULL,'2022-07-14 13:08:42'),(153,'å‚æ•°ç®¡ç†',2,'com.wyg.system.controller.SysConfigController.edit()','PUT',1,'Dincat',NULL,'/config','127.0.0.1','','{\"configId\":106,\"configKey\":\"file.upload.aliyun.access.key\",\"configName\":\"é˜¿é‡Œäº‘OSS Access Key Id\",\"configType\":\"Y\",\"configValue\":\"LTAI5t819JajMNxF4vVevkAi\",\"createBy\":\"Dincat\",\"createTime\":\"2022-07-14 12:55:37\",\"groupCode\":\"System\",\"params\":{},\"updateBy\":\"Dincat\"}','{\"msg\":\"æ“ä½œæˆåŠŸ\",\"code\":200}',0,NULL,'2022-07-14 13:09:09'),(154,'å‚æ•°ç®¡ç†',1,'com.wyg.system.controller.SysConfigController.add()','POST',1,'Dincat',NULL,'/config','127.0.0.1','','{\"configKey\":\"file.upload.minio.url\",\"configName\":\"MinioæœåŠ¡å™¨åœ°å€\",\"configType\":\"Y\",\"configValue\":\"http://minio.WorrilessGo.com\",\"createBy\":\"Dincat\",\"groupCode\":\"FileUpload\",\"groupId\":\"2\",\"params\":{}}','{\"msg\":\"æ“ä½œæˆåŠŸ\",\"code\":200}',0,NULL,'2022-07-14 13:15:45'),(155,'å‚æ•°ç®¡ç†',1,'com.wyg.system.controller.SysConfigController.add()','POST',1,'Dincat',NULL,'/config','127.0.0.1','','{\"configKey\":\"file.upload.minio.accesskey\",\"configName\":\"Minio Access Key\",\"configType\":\"Y\",\"configValue\":\"worrielss_go\",\"createBy\":\"Dincat\",\"groupCode\":\"FileUpload\",\"groupId\":\"2\",\"params\":{}}','{\"msg\":\"æ“ä½œæˆåŠŸ\",\"code\":200}',0,NULL,'2022-07-14 13:16:40'),(156,'å‚æ•°ç®¡ç†',1,'com.wyg.system.controller.SysConfigController.add()','POST',1,'Dincat',NULL,'/config','127.0.0.1','','{\"configKey\":\"file.upload.minio.access.secret\",\"configName\":\"Minio Access secret\",\"configType\":\"Y\",\"configValue\":\"123456\",\"createBy\":\"Dincat\",\"groupCode\":\"FileUpload\",\"groupId\":\"2\",\"params\":{}}','{\"msg\":\"æ“ä½œæˆåŠŸ\",\"code\":200}',0,NULL,'2022-07-14 13:17:35'),(157,'å‚æ•°ç®¡ç†',2,'com.wyg.system.controller.SysConfigController.edit()','PUT',1,'Dincat',NULL,'/config','127.0.0.1','','{\"configId\":110,\"configKey\":\"file.upload.minio.access.key\",\"configName\":\"Minio Access Key\",\"configType\":\"Y\",\"configValue\":\"worrielss_go\",\"createBy\":\"Dincat\",\"createTime\":\"2022-07-14 13:16:40\",\"groupCode\":\"FileUpload\",\"groupId\":\"2\",\"params\":{},\"updateBy\":\"Dincat\"}','{\"msg\":\"æ“ä½œæˆåŠŸ\",\"code\":200}',0,NULL,'2022-07-14 13:17:41'),(158,'å‚æ•°ç®¡ç†',1,'com.wyg.system.controller.SysConfigController.add()','POST',1,'Dincat',NULL,'/config','127.0.0.1','','{\"configKey\":\"file.upload.minio.bucket\",\"configName\":\"Minio Bucket\",\"configType\":\"Y\",\"configValue\":\"WorrilessGo\",\"createBy\":\"Dincat\",\"groupCode\":\"FileUpload\",\"groupId\":\"2\",\"params\":{}}','{\"msg\":\"æ“ä½œæˆåŠŸ\",\"code\":200}',0,NULL,'2022-07-14 13:19:01'),(159,'ç”¨æˆ·å¤´åƒ',2,'com.wyg.system.controller.SysProfileController.avatar()','POST',1,'Dincat',NULL,'/user/profile/avatar','127.0.0.1','','','{\"msg\":\"æ–‡ä»¶æœåŠ¡å¼‚å¸¸ï¼Œè¯·è”ç³»ç®¡ç†å‘˜\",\"code\":500}',0,NULL,'2022-07-14 14:53:14'),(160,'ç”¨æˆ·å¤´åƒ',2,'com.wyg.system.controller.SysProfileController.avatar()','POST',1,'Dincat',NULL,'/user/profile/avatar','127.0.0.1','','','{\"msg\":\"æ–‡ä»¶æœåŠ¡å¼‚å¸¸ï¼Œè¯·è”ç³»ç®¡ç†å‘˜\",\"code\":500}',0,NULL,'2022-07-14 14:53:41'),(161,'ç”¨æˆ·å¤´åƒ',2,'com.wyg.system.controller.SysProfileController.avatar()','POST',1,'Dincat',NULL,'/user/profile/avatar','127.0.0.1','','','{\"msg\":\"æ–‡ä»¶æœåŠ¡å¼‚å¸¸ï¼Œè¯·è”ç³»ç®¡ç†å‘˜\",\"code\":500}',0,NULL,'2022-07-14 14:55:07'),(162,'ç”¨æˆ·å¤´åƒ',2,'com.wyg.system.controller.SysProfileController.avatar()','POST',1,'Dincat',NULL,'/user/profile/avatar','127.0.0.1','','','{\"msg\":\"æ–‡ä»¶æœåŠ¡å¼‚å¸¸ï¼Œè¯·è”ç³»ç®¡ç†å‘˜\",\"code\":500}',0,NULL,'2022-07-14 14:58:15'),(163,'å‚æ•°ç®¡ç†',2,'com.wyg.system.controller.SysConfigController.edit()','PUT',1,'Dincat',NULL,'/config','127.0.0.1','','{\"configId\":107,\"configKey\":\"file.upload.aliyun.access.secret\",\"configName\":\"é˜¿é‡Œäº‘OSS Access Key Secret\",\"configType\":\"Y\",\"configValue\":\"wZwTdqFTRsH9hmnf62pyPML05Tnrm4\",\"createBy\":\"Dincat\",\"createTime\":\"2022-07-14 13:02:11\",\"groupCode\":\"FileUpload\",\"groupId\":\"2\",\"params\":{},\"updateBy\":\"Dincat\",\"updateTime\":\"2022-07-14 13:08:42\"}','{\"msg\":\"æ“ä½œæˆåŠŸ\",\"code\":200}',0,NULL,'2022-07-14 14:59:26'),(164,'ç”¨æˆ·å¤´åƒ',2,'com.wyg.system.controller.SysProfileController.avatar()','POST',1,'Dincat',NULL,'/user/profile/avatar','127.0.0.1','','','{\"msg\":\"æ–‡ä»¶æœåŠ¡å¼‚å¸¸ï¼Œè¯·è”ç³»ç®¡ç†å‘˜\",\"code\":500}',0,NULL,'2022-07-14 15:00:14'),(165,'ç”¨æˆ·å¤´åƒ',2,'com.wyg.system.controller.SysProfileController.avatar()','POST',1,'Dincat',NULL,'/user/profile/avatar','127.0.0.1','','',NULL,1,'Read timed out executing POST http://wyg-file/upload','2022-07-14 15:01:24'),(166,'ç”¨æˆ·å¤´åƒ',2,'com.wyg.system.controller.SysProfileController.avatar()','POST',1,'Dincat',NULL,'/user/profile/avatar','127.0.0.1','','',NULL,1,'[503] during [POST] to [http://wyg-file/upload] [RemoteFileService#upload(MultipartFile)]: [Load balancer does not contain an instance for the service wyg-file]','2022-07-14 15:02:16'),(167,'ç”¨æˆ·å¤´åƒ',2,'com.wyg.system.controller.SysProfileController.avatar()','POST',1,'Dincat',NULL,'/user/profile/avatar','127.0.0.1','','',NULL,1,'Read timed out executing POST http://wyg-file/upload','2022-07-14 15:04:07'),(168,'ç”¨æˆ·å¤´åƒ',2,'com.wyg.system.controller.SysProfileController.avatar()','POST',1,'Dincat',NULL,'/user/profile/avatar','127.0.0.1','','','{\"msg\":\"æ–‡ä»¶æœåŠ¡å¼‚å¸¸ï¼Œè¯·è”ç³»ç®¡ç†å‘˜\",\"code\":500}',0,NULL,'2022-07-14 15:05:31'),(169,'ç”¨æˆ·å¤´åƒ',2,'com.wyg.system.controller.SysProfileController.avatar()','POST',1,'Dincat',NULL,'/user/profile/avatar','127.0.0.1','','','{\"msg\":\"æ–‡ä»¶æœåŠ¡å¼‚å¸¸ï¼Œè¯·è”ç³»ç®¡ç†å‘˜\",\"code\":500}',0,NULL,'2022-07-14 15:07:09'),(170,'ç”¨æˆ·å¤´åƒ',2,'com.wyg.system.controller.SysProfileController.avatar()','POST',1,'Dincat',NULL,'/user/profile/avatar','127.0.0.1','','',NULL,1,'Read timed out executing POST http://wyg-file/upload','2022-07-14 15:09:44'),(171,'ç”¨æˆ·å¤´åƒ',2,'com.wyg.system.controller.SysProfileController.avatar()','POST',1,'Dincat',NULL,'/user/profile/avatar','127.0.0.1','','',NULL,1,'Read timed out executing POST http://wyg-file/upload','2022-07-14 15:11:24'),(172,'ç”¨æˆ·å¤´åƒ',2,'com.wyg.system.controller.SysProfileController.avatar()','POST',1,'Dincat',NULL,'/user/profile/avatar','127.0.0.1','','','{\"msg\":\"æ–‡ä»¶æœåŠ¡å¼‚å¸¸ï¼Œè¯·è”ç³»ç®¡ç†å‘˜\",\"code\":500}',0,NULL,'2022-07-14 15:18:18'),(173,'ç”¨æˆ·å¤´åƒ',2,'com.wyg.system.controller.SysProfileController.avatar()','POST',1,'Dincat',NULL,'/user/profile/avatar','127.0.0.1','','','{\"msg\":\"æ–‡ä»¶æœåŠ¡å¼‚å¸¸ï¼Œè¯·è”ç³»ç®¡ç†å‘˜\",\"code\":500}',0,NULL,'2022-07-14 15:22:39'),(174,'ç”¨æˆ·å¤´åƒ',2,'com.wyg.system.controller.SysProfileController.avatar()','POST',1,'Dincat',NULL,'/user/profile/avatar','127.0.0.1','','','{\"msg\":\"æ–‡ä»¶æœåŠ¡å¼‚å¸¸ï¼Œè¯·è”ç³»ç®¡ç†å‘˜\",\"code\":500}',0,NULL,'2022-07-14 15:22:52'),(175,'ç”¨æˆ·å¤´åƒ',2,'com.wyg.system.controller.SysProfileController.avatar()','POST',1,'Dincat',NULL,'/user/profile/avatar','127.0.0.1','','','{\"msg\":\"æ–‡ä»¶æœåŠ¡å¼‚å¸¸ï¼Œè¯·è”ç³»ç®¡ç†å‘˜\",\"code\":500}',0,NULL,'2022-07-14 15:23:28'),(176,'å‚æ•°ç®¡ç†',2,'com.wyg.system.controller.SysConfigController.edit()','PUT',1,'Dincat',NULL,'/config','127.0.0.1','','{\"configId\":103,\"configKey\":\"file.upload.maxsize\",\"configName\":\"æ–‡ä»¶å¤§å°é™åˆ¶ï¼ˆMBï¼‰\",\"configType\":\"Y\",\"configValue\":\"60\",\"createBy\":\"Dincat\",\"createTime\":\"2022-07-14 12:49:06\",\"groupCode\":\"FileUpload\",\"groupId\":\"2\",\"params\":{},\"updateBy\":\"Dincat\"}','{\"msg\":\"æ“ä½œæˆåŠŸ\",\"code\":200}',0,NULL,'2022-07-14 15:25:19'),(177,'ç”¨æˆ·å¤´åƒ',2,'com.wyg.system.controller.SysProfileController.avatar()','POST',1,'Dincat',NULL,'/user/profile/avatar','127.0.0.1','','','{\"msg\":\"æ“ä½œæˆåŠŸ\",\"imgUrl\":\"http://worrilessgo.oss-cn-guangzhou.aliyuncs.com//WorrilessGo/WorrilessGo/20220714152604.blob\",\"code\":200}',0,NULL,'2022-07-14 15:26:17'),(178,'ç”¨æˆ·å¤´åƒ',2,'com.wyg.system.controller.SysProfileController.avatar()','POST',1,'Dincat',NULL,'/user/profile/avatar','127.0.0.1','','',NULL,1,'Read timed out executing POST http://wyg-file/upload//avatar','2022-07-14 18:30:23'),(179,'ç”¨æˆ·å¤´åƒ',2,'com.wyg.system.controller.SysProfileController.avatar()','POST',1,'Dincat',NULL,'/user/profile/avatar','127.0.0.1','','',NULL,1,'Read timed out executing POST http://wyg-file/upload//avatar','2022-07-14 18:37:17'),(180,'ç”¨æˆ·å¤´åƒ',2,'com.wyg.system.controller.SysProfileController.avatar()','POST',1,'Dincat',NULL,'/user/profile/avatar','127.0.0.1','','','{\"msg\":\"æ–‡ä»¶æœåŠ¡å¼‚å¸¸ï¼Œè¯·è”ç³»ç®¡ç†å‘˜\",\"code\":500}',0,NULL,'2022-07-14 18:46:09'),(181,'ç”¨æˆ·å¤´åƒ',2,'com.wyg.system.controller.SysProfileController.avatar()','POST',1,'Dincat',NULL,'/user/profile/avatar','192.168.1.147','','',NULL,1,'Read timed out executing POST http://wyg-file/upload//avatar','2022-07-14 20:50:09'),(182,'ç”¨æˆ·å¤´åƒ',2,'com.wyg.system.controller.SysProfileController.avatar()','POST',1,'Dincat',NULL,'/user/profile/avatar','192.168.1.147','','','{\"msg\":\"æ–‡ä»¶æœåŠ¡å¼‚å¸¸ï¼Œè¯·è”ç³»ç®¡ç†å‘˜\",\"code\":500}',0,NULL,'2022-07-14 21:01:48'),(183,'ç”¨æˆ·å¤´åƒ',2,'com.wyg.system.controller.SysProfileController.avatar()','POST',1,'Dincat',NULL,'/user/profile/avatar','192.168.1.147','','','{\"msg\":\"æ–‡ä»¶æœåŠ¡å¼‚å¸¸ï¼Œè¯·è”ç³»ç®¡ç†å‘˜\",\"code\":500}',0,NULL,'2022-07-14 21:02:11'),(184,'ç”¨æˆ·å¤´åƒ',2,'com.wyg.system.controller.SysProfileController.avatar()','POST',1,'Dincat',NULL,'/user/profile/avatar','192.168.1.147','','','{\"msg\":\"æ–‡ä»¶æœåŠ¡å¼‚å¸¸ï¼Œè¯·è”ç³»ç®¡ç†å‘˜\",\"code\":500}',0,NULL,'2022-07-14 21:02:46'),(185,'ç”¨æˆ·å¤´åƒ',2,'com.wyg.system.controller.SysProfileController.avatar()','POST',1,'Dincat',NULL,'/user/profile/avatar','192.168.1.147','','','{\"msg\":\"æ–‡ä»¶æœåŠ¡å¼‚å¸¸ï¼Œè¯·è”ç³»ç®¡ç†å‘˜\",\"code\":500}',0,NULL,'2022-07-14 21:04:18'),(186,'ç”¨æˆ·å¤´åƒ',2,'com.wyg.system.controller.SysProfileController.avatar()','POST',1,'Dincat',NULL,'/user/profile/avatar','192.168.1.147','','',NULL,1,'\r\n### Error updating database.  Cause: com.mysql.cj.jdbc.exceptions.MysqlDataTruncation: Data truncation: Data too long for column \'avatar\' at row 1\r\n### The error may exist in file [F:\\Projects\\wyg-exam\\Code\\wyg-exam\\wyg-modules\\wyg-system\\target\\classes\\mapper\\system\\SysUserMapper.xml]\r\n### The error may involve com.wyg.system.mapper.SysUserMapper.updateUserAvatar-Inline\r\n### The error occurred while setting parameters\r\n### SQL: update sys_user set avatar = ? where user_name = ?\r\n### Cause: com.mysql.cj.jdbc.exceptions.MysqlDataTruncation: Data truncation: Data too long for column \'avatar\' at row 1\n; Data truncation: Data too long for column \'avatar\' at row 1; nested exception is com.mysql.cj.jdbc.exceptions.MysqlDataTruncation: Data truncation: Data too long for column \'avatar\' at row 1','2022-07-14 21:05:04'),(187,'ç”¨æˆ·å¤´åƒ',2,'com.wyg.system.controller.SysProfileController.avatar()','POST',1,'Dincat',NULL,'/user/profile/avatar','192.168.1.147','','',NULL,1,'\r\n### Error updating database.  Cause: com.mysql.cj.jdbc.exceptions.MysqlDataTruncation: Data truncation: Data too long for column \'avatar\' at row 1\r\n### The error may exist in file [F:\\Projects\\wyg-exam\\Code\\wyg-exam\\wyg-modules\\wyg-system\\target\\classes\\mapper\\system\\SysUserMapper.xml]\r\n### The error may involve com.wyg.system.mapper.SysUserMapper.updateUserAvatar-Inline\r\n### The error occurred while setting parameters\r\n### SQL: update sys_user set avatar = ? where user_name = ?\r\n### Cause: com.mysql.cj.jdbc.exceptions.MysqlDataTruncation: Data truncation: Data too long for column \'avatar\' at row 1\n; Data truncation: Data too long for column \'avatar\' at row 1; nested exception is com.mysql.cj.jdbc.exceptions.MysqlDataTruncation: Data truncation: Data too long for column \'avatar\' at row 1','2022-07-14 21:05:18'),(188,'ç”¨æˆ·å¤´åƒ',2,'com.wyg.system.controller.SysProfileController.avatar()','POST',1,'Dincat',NULL,'/user/profile/avatar','192.168.1.147','','','{\"msg\":\"æ“ä½œæˆåŠŸ\",\"imgUrl\":\"http://worrilessgo.oss-cn-guangzhou.aliyuncs.com//WorrilessGo/avatar/2022/07/14/e208fe4a-d632-4912-9159-d33644cbe325.jpg\",\"code\":200}',0,NULL,'2022-07-14 21:06:03'),(189,'ç”¨æˆ·å¤´åƒ',2,'com.wyg.system.controller.SysProfileController.avatar()','POST',1,'Dincat',NULL,'/user/profile/avatar','127.0.0.1','','','{\"msg\":\"æ–‡ä»¶æœåŠ¡å¼‚å¸¸ï¼Œè¯·è”ç³»ç®¡ç†å‘˜\",\"code\":500}',0,NULL,'2022-07-15 11:41:37'),(190,'ç”¨æˆ·å¤´åƒ',2,'com.wyg.system.controller.SysProfileController.avatar()','POST',1,'Dincat',NULL,'/user/profile/avatar','127.0.0.1','','','{\"msg\":\"æ–‡ä»¶æœåŠ¡å¼‚å¸¸ï¼Œè¯·è”ç³»ç®¡ç†å‘˜\",\"code\":500}',0,NULL,'2022-07-15 11:42:39'),(191,'ç”¨æˆ·å¤´åƒ',2,'com.wyg.system.controller.SysProfileController.avatar()','POST',1,'Dincat',NULL,'/user/profile/avatar','127.0.0.1','','','{\"msg\":\"æ–‡ä»¶æœåŠ¡å¼‚å¸¸ï¼Œè¯·è”ç³»ç®¡ç†å‘˜\",\"code\":500}',0,NULL,'2022-07-15 11:47:01'),(192,'ç”¨æˆ·å¤´åƒ',2,'com.wyg.system.controller.SysProfileController.avatar()','POST',1,'Dincat',NULL,'/user/profile/avatar','127.0.0.1','','','{\"msg\":\"æ–‡ä»¶æœåŠ¡å¼‚å¸¸ï¼Œè¯·è”ç³»ç®¡ç†å‘˜\",\"code\":500}',0,NULL,'2022-07-15 11:47:34'),(193,'ç”¨æˆ·å¤´åƒ',2,'com.wyg.system.controller.SysProfileController.avatar()','POST',1,'Dincat',NULL,'/user/profile/avatar','127.0.0.1','','','{\"msg\":\"æ–‡ä»¶æœåŠ¡å¼‚å¸¸ï¼Œè¯·è”ç³»ç®¡ç†å‘˜\",\"code\":500}',0,NULL,'2022-07-15 11:58:15'),(194,'ç”¨æˆ·å¤´åƒ',2,'com.wyg.system.controller.SysProfileController.avatar()','POST',1,'Dincat',NULL,'/user/profile/avatar','127.0.0.1','','','{\"msg\":\"æ–‡ä»¶æœåŠ¡å¼‚å¸¸ï¼Œè¯·è”ç³»ç®¡ç†å‘˜\",\"code\":500}',0,NULL,'2022-07-15 11:58:17'),(195,'å‚æ•°ç®¡ç†',2,'com.wyg.system.controller.SysConfigController.edit()','PUT',1,'Dincat',NULL,'/config','127.0.0.1','','{\"configId\":100,\"configKey\":\"file.upload.client.type\",\"configName\":\"å®¢æˆ·ç«¯ç±»å‹\",\"configType\":\"Y\",\"configValue\":\"Local\",\"createBy\":\"Dincat\",\"createTime\":\"2022-07-14 12:35:30\",\"groupCode\":\"FileUpload\",\"groupId\":\"2\",\"params\":{},\"remark\":\"å‚æ•°é”®å€¼é€‰é¡¹ï¼šLocalã€Aliyunã€Minioã€FastDfsã€QianNiu\",\"updateBy\":\"Dincat\"}','{\"msg\":\"æ“ä½œæˆåŠŸ\",\"code\":200}',0,NULL,'2022-07-15 12:00:25'),(196,'å‚æ•°ç®¡ç†',2,'com.wyg.system.controller.SysConfigController.edit()','PUT',1,'Dincat',NULL,'/config','127.0.0.1','','{\"configId\":101,\"configKey\":\"file.upload.base.dir\",\"configName\":\"æ ¹ç›®å½•åç§°\",\"configType\":\"Y\",\"configValue\":\"wyg-test\",\"createBy\":\"Dincat\",\"createTime\":\"2022-07-14 12:40:01\",\"groupCode\":\"FileUpload\",\"groupId\":\"2\",\"params\":{},\"updateBy\":\"Dincat\"}','{\"msg\":\"æ“ä½œæˆåŠŸ\",\"code\":200}',0,NULL,'2022-07-15 12:01:02'),(197,'ç”¨æˆ·å¤´åƒ',2,'com.wyg.system.controller.SysProfileController.avatar()','POST',1,'Dincat',NULL,'/user/profile/avatar','127.0.0.1','','',NULL,1,'Read timed out executing POST http://wyg-file/upload//avatar','2022-07-15 12:03:17'),(198,'ç”¨æˆ·å¤´åƒ',2,'com.wyg.system.controller.SysProfileController.avatar()','POST',1,'Dincat',NULL,'/user/profile/avatar','127.0.0.1','','','{\"msg\":\"æ–‡ä»¶æœåŠ¡å¼‚å¸¸ï¼Œè¯·è”ç³»ç®¡ç†å‘˜\",\"code\":500}',0,NULL,'2022-07-15 12:06:25'),(199,'ç”¨æˆ·å¤´åƒ',2,'com.wyg.system.controller.SysProfileController.avatar()','POST',1,'Dincat',NULL,'/user/profile/avatar','127.0.0.1','','','{\"msg\":\"æ–‡ä»¶æœåŠ¡å¼‚å¸¸ï¼Œè¯·è”ç³»ç®¡ç†å‘˜\",\"code\":500}',0,NULL,'2022-07-15 12:06:50'),(200,'ç”¨æˆ·å¤´åƒ',2,'com.wyg.system.controller.SysProfileController.avatar()','POST',1,'Dincat',NULL,'/user/profile/avatar','127.0.0.1','','','{\"msg\":\"æ–‡ä»¶æœåŠ¡å¼‚å¸¸ï¼Œè¯·è”ç³»ç®¡ç†å‘˜\",\"code\":500}',0,NULL,'2022-07-15 12:07:01'),(201,'ç”¨æˆ·å¤´åƒ',2,'com.wyg.system.controller.SysProfileController.avatar()','POST',1,'Dincat',NULL,'/user/profile/avatar','127.0.0.1','','',NULL,1,'Read timed out executing POST http://wyg-file/upload//avatar','2022-07-15 12:08:57'),(202,'å‚æ•°ç®¡ç†',2,'com.wyg.system.controller.SysConfigController.edit()','PUT',1,'Dincat',NULL,'/config','127.0.0.1','','{\"configId\":109,\"configKey\":\"file.upload.minio.url\",\"configName\":\"MinioæœåŠ¡å™¨åœ°å€\",\"configType\":\"Y\",\"configValue\":\"http://minio.WorrilessGo.com\",\"createBy\":\"Dincat\",\"createTime\":\"2022-07-14 13:15:45\",\"groupCode\":\"FileUpload\",\"groupId\":\"2\",\"params\":{},\"updateBy\":\"Dincat\"}','{\"msg\":\"æ“ä½œæˆåŠŸ\",\"code\":200}',0,NULL,'2022-07-15 12:12:33'),(203,'ç”¨æˆ·å¤´åƒ',2,'com.wyg.system.controller.SysProfileController.avatar()','POST',1,'Dincat',NULL,'/user/profile/avatar','127.0.0.1','','','{\"msg\":\"æ“ä½œæˆåŠŸ\",\"imgUrl\":\"/wyg-test/avatar/2022/07/15/ad25fe31-ed54-4bfc-bf9a-723c19f3110a.jpg\",\"code\":200}',0,NULL,'2022-07-15 12:13:28'),(204,'å‚æ•°ç®¡ç†',1,'com.wyg.system.controller.SysConfigController.add()','POST',1,'Dincat',NULL,'/config','127.0.0.1','','{\"configKey\":\"file.upload.local.domain\",\"configName\":\"æœ¬åœ°æ–‡ä»¶è®¿é—®åŸŸå\",\"configType\":\"Y\",\"configValue\":\"http://192.168.11.19\",\"createBy\":\"Dincat\",\"groupCode\":\"FileUpload\",\"groupId\":\"2\",\"params\":{}}','{\"msg\":\"æ“ä½œæˆåŠŸ\",\"code\":200}',0,NULL,'2022-07-15 12:25:17'),(205,'ç”¨æˆ·å¤´åƒ',2,'com.wyg.system.controller.SysProfileController.avatar()','POST',1,'Dincat',NULL,'/user/profile/avatar','127.0.0.1','','','{\"msg\":\"æ“ä½œæˆåŠŸ\",\"imgUrl\":\"http://192.168.11.19/wyg-test/avatar/2022/07/15/2767128c-2b8f-42a7-93c5-a20a237e1ef3.jpg\",\"code\":200}',0,NULL,'2022-07-15 12:32:18'),(206,'å‚æ•°ç®¡ç†',2,'com.wyg.system.controller.SysConfigController.edit()','PUT',1,'Dincat',NULL,'/config','127.0.0.1','','{\"configId\":101,\"configKey\":\"file.upload.base.dir\",\"configName\":\"æ ¹ç›®å½•åç§°\",\"configType\":\"Y\",\"configValue\":\"wyg-test\",\"createBy\":\"Dincat\",\"createTime\":\"2022-07-14 12:40:01\",\"groupCode\":\"FileUpload\",\"groupId\":\"2\",\"params\":{},\"updateBy\":\"Dincat\",\"updateTime\":\"2022-07-15 12:01:02\"}','{\"msg\":\"æ“ä½œæˆåŠŸ\",\"code\":200}',0,NULL,'2022-07-15 13:13:35'),(207,'ç”¨æˆ·å¤´åƒ',2,'com.wyg.system.controller.SysProfileController.avatar()','POST',1,'Dincat',NULL,'/user/profile/avatar','127.0.0.1','','','{\"msg\":\"æ“ä½œæˆåŠŸ\",\"imgUrl\":\"http://192.168.11.19/wyg-test/avatar/2022/07/15/767871b8-0ee0-47b6-bb1e-707b8349fde7.jpg\",\"code\":200}',0,NULL,'2022-07-15 15:38:46'),(208,'ç”¨æˆ·å¤´åƒ',2,'com.wyg.system.controller.SysProfileController.avatar()','POST',1,'Dincat',NULL,'/user/profile/avatar','127.0.0.1','','','{\"msg\":\"æ“ä½œæˆåŠŸ\",\"imgUrl\":\"http://192.168.11.19/wyg-test/avatar/2022/07/15/19ecf408-579a-45af-b333-241b0f6a6ea2.jpg\",\"code\":200}',0,NULL,'2022-07-15 15:41:03'),(209,'å‚æ•°ç®¡ç†',2,'com.wyg.system.controller.SysConfigController.edit()','PUT',1,'Dincat',NULL,'/config','127.0.0.1','','{\"configId\":102,\"configKey\":\"file.upload.allowed.extentsion\",\"configName\":\"å…è®¸æ‰©å±•å\",\"configType\":\"Y\",\"configValue\":\"bmp, gif, jpg, jpeg, png,doc, docx, xls, xlsx, ppt, pptx, html, htm, txt,rar, zip, gz, bz2,pdf\",\"createBy\":\"Dincat\",\"createTime\":\"2022-07-14 12:47:21\",\"groupCode\":\"FileUpload\",\"groupId\":\"2\",\"params\":{},\"updateBy\":\"Dincat\"}','{\"msg\":\"æ“ä½œæˆåŠŸ\",\"code\":200}',0,NULL,'2022-07-15 15:41:28'),(210,'ç”¨æˆ·å¤´åƒ',2,'com.wyg.system.controller.SysProfileController.avatar()','POST',1,'Dincat',NULL,'/user/profile/avatar','127.0.0.1','','','{\"msg\":\"æ“ä½œæˆåŠŸ\",\"imgUrl\":\"http://192.168.11.19/wyg-test/avatar/2022/07/15/5f0f0fa9-650f-41e6-9a90-c1350c814328.jpg\",\"code\":200}',0,NULL,'2022-07-15 15:42:39'),(211,'ç”¨æˆ·å¤´åƒ',2,'com.wyg.system.controller.SysProfileController.avatar()','POST',1,'Dincat',NULL,'/user/profile/avatar','127.0.0.1','','','{\"msg\":\"æ“ä½œæˆåŠŸ\",\"imgUrl\":\"http://192.168.11.19/wyg-test/avatar/2022/07/15/c6da9910-c748-4924-8dff-49187b51d5cf.jpg\",\"code\":200}',0,NULL,'2022-07-15 15:44:03'),(212,'å‚æ•°ç®¡ç†',2,'com.wyg.system.controller.SysConfigController.edit()','PUT',1,'Dincat',NULL,'/config','127.0.0.1','','{\"configId\":101,\"configKey\":\"file.upload.base.dir\",\"configName\":\"æ ¹ç›®å½•åç§°\",\"configType\":\"Y\",\"configValue\":\"wyg-test\",\"createBy\":\"Dincat\",\"createTime\":\"2022-07-14 12:40:01\",\"groupCode\":\"FileUpload\",\"groupId\":\"2\",\"params\":{},\"updateBy\":\"Dincat\",\"updateTime\":\"2022-07-15 13:13:35\"}','{\"msg\":\"æ“ä½œæˆåŠŸ\",\"code\":200}',0,NULL,'2022-07-15 15:44:10'),(213,'ç”¨æˆ·å¤´åƒ',2,'com.wyg.system.controller.SysProfileController.avatar()','POST',1,'Dincat',NULL,'/user/profile/avatar','127.0.0.1','','','{\"msg\":\"æ“ä½œæˆåŠŸ\",\"imgUrl\":\"http://192.168.11.19/wyg-test/avatar/2022/07/15/e9ed2ac8-68d8-4ae9-a72e-9390b2e01757.jpg\",\"code\":200}',0,NULL,'2022-07-15 15:44:49'),(214,'ç”¨æˆ·å¤´åƒ',2,'com.wyg.system.controller.SysProfileController.avatar()','POST',1,'Dincat',NULL,'/user/profile/avatar','127.0.0.1','','','{\"msg\":\"æ“ä½œæˆåŠŸ\",\"imgUrl\":\"http://192.168.11.19/wyg-test/avatar/2022/07/15/610c6c01-7f79-4cb2-a788-de1dbd7c22b6.jpg\",\"code\":200}',0,NULL,'2022-07-15 15:45:09'),(215,'ç”¨æˆ·å¤´åƒ',2,'com.wyg.system.controller.SysProfileController.avatar()','POST',1,'Dincat',NULL,'/user/profile/avatar','127.0.0.1','','','{\"msg\":\"æ“ä½œæˆåŠŸ\",\"imgUrl\":\"http://192.168.11.19/wyg-test/avatar/2022/07/15/4db35ba2-8766-4208-8e1f-6ae1469b5caa.jpg\",\"code\":200}',0,NULL,'2022-07-15 15:45:26'),(216,'ç”¨æˆ·å¤´åƒ',2,'com.wyg.system.controller.SysProfileController.avatar()','POST',1,'Dincat',NULL,'/user/profile/avatar','127.0.0.1','','','{\"msg\":\"æ“ä½œæˆåŠŸ\",\"imgUrl\":\"http://192.168.11.19/wyg-test/avatar/2022/07/15/ee725123-7e94-48dc-8781-4527d2499dc4.jpg\",\"code\":200}',0,NULL,'2022-07-15 15:46:11'),(217,'å‚æ•°ç®¡ç†',2,'com.wyg.system.controller.SysConfigController.edit()','PUT',1,'Dincat',NULL,'/config','127.0.0.1','','{\"configId\":102,\"configKey\":\"file.upload.allowed.extentsion\",\"configName\":\"å…è®¸æ‰©å±•å\",\"configType\":\"Y\",\"configValue\":\"bmp, gif, jpg, jpeg, png,doc, docx, xls, xlsx, ppt, pptx, html, htm, txt,rar, zip, gz, bz2,pdf\",\"createBy\":\"Dincat\",\"createTime\":\"2022-07-14 12:47:21\",\"groupCode\":\"FileUpload\",\"groupId\":\"2\",\"params\":{},\"updateBy\":\"Dincat\",\"updateTime\":\"2022-07-15 15:41:28\"}','{\"msg\":\"æ“ä½œæˆåŠŸ\",\"code\":200}',0,NULL,'2022-07-15 15:47:11'),(218,'ç”¨æˆ·å¤´åƒ',2,'com.wyg.system.controller.SysProfileController.avatar()','POST',1,'Dincat',NULL,'/user/profile/avatar','127.0.0.1','','','{\"msg\":\"æ“ä½œæˆåŠŸ\",\"imgUrl\":\"http://192.168.11.19/statics/wyg-test/avatar/2022/07/15/decb3471-6553-478a-a4b0-3fb37c45f110.jpg\",\"code\":200}',0,NULL,'2022-07-15 15:47:48'),(219,'ç”¨æˆ·å¤´åƒ',2,'com.wyg.system.controller.SysProfileController.avatar()','POST',1,'Dincat',NULL,'/user/profile/avatar','127.0.0.1','','','{\"msg\":\"æ“ä½œæˆåŠŸ\",\"imgUrl\":\"http://192.168.11.19/statics/wyg-test/avatar/2022/07/15/51b09c53-10dd-48e1-9a22-ab77fcdbdea6.jpg\",\"code\":200}',0,NULL,'2022-07-15 15:48:00'),(220,'å‚æ•°ç®¡ç†',2,'com.wyg.system.controller.SysConfigController.edit()','PUT',1,'Dincat',NULL,'/config','127.0.0.1','','{\"configId\":113,\"configKey\":\"file.upload.local.domain\",\"configName\":\"æœ¬åœ°æ–‡ä»¶è®¿é—®åŸŸå\",\"configType\":\"Y\",\"configValue\":\"http://192.168.11.19:9300\",\"createBy\":\"Dincat\",\"createTime\":\"2022-07-15 12:25:16\",\"groupCode\":\"FileUpload\",\"groupId\":\"2\",\"params\":{},\"updateBy\":\"Dincat\"}','{\"msg\":\"æ“ä½œæˆåŠŸ\",\"code\":200}',0,NULL,'2022-07-15 15:48:47'),(221,'ç”¨æˆ·å¤´åƒ',2,'com.wyg.system.controller.SysProfileController.avatar()','POST',1,'Dincat',NULL,'/user/profile/avatar','127.0.0.1','','','{\"msg\":\"æ“ä½œæˆåŠŸ\",\"imgUrl\":\"http://192.168.11.19:9300/statics/wyg-test/avatar/2022/07/15/61ac5edc-6930-4131-8a93-f1ea436f9f73.jpg\",\"code\":200}',0,NULL,'2022-07-15 15:49:19'),(222,'ç”¨æˆ·å¤´åƒ',2,'com.wyg.system.controller.SysProfileController.avatar()','POST',1,'Dincat',NULL,'/user/profile/avatar','127.0.0.1','','','{\"msg\":\"æ–‡ä»¶æœåŠ¡å¼‚å¸¸ï¼Œè¯·è”ç³»ç®¡ç†å‘˜\",\"code\":500}',0,NULL,'2022-07-15 16:57:36'),(223,'ç”¨æˆ·å¤´åƒ',2,'com.wyg.system.controller.SysProfileController.avatar()','POST',1,'Dincat',NULL,'/user/profile/avatar','127.0.0.1','','','{\"msg\":\"æ–‡ä»¶æœåŠ¡å¼‚å¸¸ï¼Œè¯·è”ç³»ç®¡ç†å‘˜\",\"code\":500}',0,NULL,'2022-07-15 17:13:11'),(224,'ç”¨æˆ·å¤´åƒ',2,'com.wyg.system.controller.SysProfileController.avatar()','POST',1,'Dincat',NULL,'/user/profile/avatar','127.0.0.1','','','{\"msg\":\"æ–‡ä»¶æœåŠ¡å¼‚å¸¸ï¼Œè¯·è”ç³»ç®¡ç†å‘˜\",\"code\":500}',0,NULL,'2022-07-15 17:15:00'),(225,'ç”¨æˆ·å¤´åƒ',2,'com.wyg.system.controller.SysProfileController.avatar()','POST',1,'Dincat',NULL,'/user/profile/avatar','127.0.0.1','','','{\"msg\":\"æ–‡ä»¶æœåŠ¡å¼‚å¸¸ï¼Œè¯·è”ç³»ç®¡ç†å‘˜\",\"code\":500}',0,NULL,'2022-07-15 17:21:05'),(226,'ç”¨æˆ·å¤´åƒ',2,'com.wyg.system.controller.SysProfileController.avatar()','POST',1,'Dincat',NULL,'/user/profile/avatar','127.0.0.1','','','{\"msg\":\"æ“ä½œæˆåŠŸ\",\"imgUrl\":\"http://192.168.11.19:9300/statics/wyg-test/avatar/2022/07/15/77cef63a-35e8-4165-ba71-9c2950d2994c.jpg\",\"code\":200}',0,NULL,'2022-07-15 17:26:12'),(227,'ç”¨æˆ·å¤´åƒ',2,'com.wyg.system.controller.SysProfileController.avatar()','POST',1,'Dincat',NULL,'/user/profile/avatar','127.0.0.1','','','{\"msg\":\"æ“ä½œæˆåŠŸ\",\"imgUrl\":\"http://192.168.11.19:9300/statics/wyg-test/avatar/2022/07/15/bb43dd47-cc29-4508-94fc-29ad92c8a616.jpg\",\"code\":200}',0,NULL,'2022-07-15 17:26:44'),(228,'ç”¨æˆ·å¤´åƒ',2,'com.wyg.system.controller.SysProfileController.avatar()','POST',1,'Dincat',NULL,'/user/profile/avatar','127.0.0.1','','','{\"msg\":\"æ“ä½œæˆåŠŸ\",\"imgUrl\":\"http://192.168.11.19:9300/statics/wyg-test/avatar/2022/07/15/fc7cd9bf-2f48-48d7-8600-1bf0389e71b6.jpg\",\"code\":200}',0,NULL,'2022-07-15 17:31:47'),(229,'ç”¨æˆ·å¤´åƒ',2,'com.wyg.system.controller.SysProfileController.avatar()','POST',1,'Dincat',NULL,'/user/profile/avatar','127.0.0.1','','','{\"msg\":\"æ“ä½œæˆåŠŸ\",\"imgUrl\":\"http://192.168.11.19:9300/statics/wyg-test/avatar/2022/07/15/e7014928-34c2-49f4-994c-f80b4c6bc9ba.jpg\",\"code\":200}',0,NULL,'2022-07-15 17:36:59'),(230,'ç”¨æˆ·å¤´åƒ',2,'com.wyg.system.controller.SysProfileController.avatar()','POST',1,'Dincat',NULL,'/user/profile/avatar','127.0.0.1','','','{\"msg\":\"æ“ä½œæˆåŠŸ\",\"imgUrl\":\"http://192.168.11.19:9300/statics/wyg-test/avatar/2022/07/15/aae5899f-1b6a-45a4-b95f-0b0375c10837.jpg\",\"code\":200}',0,NULL,'2022-07-15 17:44:33'),(231,'èœå•ç®¡ç†',3,'com.wyg.system.controller.SysMenuController.remove()','DELETE',1,'Dincat',NULL,'/menu/4','127.0.0.1','',NULL,'{\"msg\":\"èœå•å·²åˆ†é…,ä¸å…è®¸åˆ é™¤\",\"code\":500}',0,NULL,'2022-07-15 18:11:12'),(232,'è§’è‰²ç®¡ç†',2,'com.wyg.system.controller.SysRoleController.edit()','PUT',1,'Dincat',NULL,'/role','127.0.0.1','','{\"admin\":false,\"createTime\":\"2022-07-01 15:09:13\",\"dataScope\":\"2\",\"delFlag\":\"0\",\"deptCheckStrictly\":true,\"flag\":false,\"menuCheckStrictly\":true,\"menuIds\":[1,100,1000,1001,1002,1003,1004,1005,1006,101,1007,1008,1009,1010,1011,102,1012,1013,1014,1015,103,1016,1017,1018,1019,104,1020,1021,1022,1023,1024,105,1025,1026,1027,1028,1029,106,1030,1031,1032,1033,1034,107,1035,1036,1037,1038,108,500,1039,1040,1041,501,1042,1043,1044,2,109,1045,1046,1047,110,1048,1049,1050,1051,1052,1053,111,112,113,3,114,115,1054,1055,1057,1056,1058,1059,116],\"params\":{},\"remark\":\"æ™®é€šè§’è‰²\",\"roleId\":2,\"roleKey\":\"common\",\"roleName\":\"æ™®é€šè§’è‰²\",\"roleSort\":\"2\",\"status\":\"0\",\"updateBy\":\"Dincat\"}','{\"msg\":\"æ“ä½œæˆåŠŸ\",\"code\":200}',0,NULL,'2022-07-15 18:13:38'),(233,'èœå•ç®¡ç†',3,'com.wyg.system.controller.SysMenuController.remove()','DELETE',1,'Dincat',NULL,'/menu/4','127.0.0.1','',NULL,'{\"msg\":\"æ“ä½œæˆåŠŸ\",\"code\":200}',0,NULL,'2022-07-15 18:13:55'),(234,'èœå•ç®¡ç†',3,'com.wyg.system.controller.SysMenuController.remove()','DELETE',1,'Dincat',NULL,'/menu/2115','127.0.0.1','',NULL,'{\"msg\":\"æ“ä½œæˆåŠŸ\",\"code\":200}',0,NULL,'2022-07-15 18:23:19'),(235,'è¯¾ç¨‹',1,'com.wyg.exam.controller.CourseController.add()','POST',1,'Dincat',NULL,'/course/','127.0.0.1','','{\"applicationCode\":\"WorrilessGo\",\"college\":\"aa\",\"courseDescription\":\"23dsfwe\",\"courseName\":\"test\",\"cover\":\"http://192.168.11.19:9300/statics/wyg-test/avatar/2022/07/15/e7014928-34c2-49f4-994c-f80b4c6bc9ba.jpg\",\"createDate\":\"2022-07-16T10:00:56.903+08:00\",\"creator\":\"Dincat\",\"delFlag\":\"0\",\"id\":997805027617669120,\"isShow\":\"Y\",\"major\":\"as\",\"modifier\":\"Dincat\",\"modifyDate\":\"2022-07-16T10:00:56.903+08:00\",\"newRecord\":true,\"params\":{},\"period\":1,\"sequence\":2,\"showIndex\":\"Y\",\"teacher\":\"dew\",\"tenantCode\":\"WorrilessGo\"}','{\"msg\":\"æ“ä½œæˆåŠŸ\",\"code\":200}',0,NULL,'2022-07-16 10:00:59'),(236,'å­—å…¸ç±»å‹',1,'com.wyg.system.controller.SysDictTypeController.add()','POST',1,'Dincat',NULL,'/dict/type','127.0.0.1','','{\"createBy\":\"Dincat\",\"dictName\":\"é¢˜ç›®ç±»å‹\",\"dictType\":\"subject_types\",\"params\":{},\"status\":\"0\"}','{\"msg\":\"æ“ä½œæˆåŠŸ\",\"code\":200}',0,NULL,'2022-07-16 10:19:10'),(237,'å­—å…¸ç±»å‹',1,'com.wyg.system.controller.SysDictTypeController.add()','POST',1,'Dincat',NULL,'/dict/type','127.0.0.1','','{\"createBy\":\"Dincat\",\"dictName\":\"ä½œç­”ç»“æœ\",\"dictType\":\"answer_types\",\"params\":{},\"status\":\"0\"}','{\"msg\":\"æ“ä½œæˆåŠŸ\",\"code\":200}',0,NULL,'2022-07-16 10:19:23'),(238,'å­—å…¸ç±»å‹',1,'com.wyg.system.controller.SysDictTypeController.add()','POST',1,'Dincat',NULL,'/dict/type','127.0.0.1','','{\"createBy\":\"Dincat\",\"dictName\":\"åˆ é™¤æ ‡è®°\",\"dictType\":\"delete_flag\",\"params\":{},\"status\":\"0\"}','{\"msg\":\"æ“ä½œæˆåŠŸ\",\"code\":200}',0,NULL,'2022-07-16 10:19:33'),(239,'å­—å…¸ç±»å‹',1,'com.wyg.system.controller.SysDictTypeController.add()','POST',1,'Dincat',NULL,'/dict/type','127.0.0.1','','{\"createBy\":\"Dincat\",\"dictName\":\"è€ƒè¯•æ‰¹æ”¹çŠ¶æ€\",\"dictType\":\"mark_status\",\"params\":{},\"status\":\"0\"}','{\"msg\":\"æ“ä½œæˆåŠŸ\",\"code\":200}',0,NULL,'2022-07-16 10:19:42'),(240,'å­—å…¸ç±»å‹',1,'com.wyg.system.controller.SysDictTypeController.add()','POST',1,'Dincat',NULL,'/dict/type','127.0.0.1','','{\"dictName\":\"è€ƒè¯•æ‰¹æ”¹çŠ¶æ€\",\"dictType\":\"mark_status\",\"params\":{},\"status\":\"0\"}','{\"msg\":\"æ–°å¢å­—å…¸\'è€ƒè¯•æ‰¹æ”¹çŠ¶æ€\'å¤±è´¥ï¼Œå­—å…¸ç±»å‹å·²å­˜åœ¨\",\"code\":500}',0,NULL,'2022-07-16 10:19:55'),(241,'å­—å…¸ç±»å‹',1,'com.wyg.system.controller.SysDictTypeController.add()','POST',1,'Dincat',NULL,'/dict/type','127.0.0.1','','{\"createBy\":\"Dincat\",\"dictName\":\"è€ƒè¯•ç±»å‹\",\"dictType\":\"examination_type\",\"params\":{},\"status\":\"0\"}','{\"msg\":\"æ“ä½œæˆåŠŸ\",\"code\":200}',0,NULL,'2022-07-16 10:20:15'),(242,'å­—å…¸ç±»å‹',1,'com.wyg.system.controller.SysDictTypeController.add()','POST',1,'Dincat',NULL,'/dict/type','127.0.0.1','','{\"createBy\":\"Dincat\",\"dictName\":\"è€ƒè¯•æ¨¡å—å‘å¸ƒçŠ¶æ€\",\"dictType\":\"exam_publish_status\",\"params\":{},\"status\":\"0\"}','{\"msg\":\"æ“ä½œæˆåŠŸ\",\"code\":200}',0,NULL,'2022-07-16 10:20:30'),(243,'å­—å…¸ç±»å‹',1,'com.wyg.system.controller.SysDictTypeController.add()','POST',1,'Dincat',NULL,'/dict/type','127.0.0.1','','{\"createBy\":\"Dincat\",\"dictName\":\"çŸ­ä¿¡ç±»å‹\",\"dictType\":\"sms_types\",\"params\":{},\"status\":\"0\"}','{\"msg\":\"æ“ä½œæˆåŠŸ\",\"code\":200}',0,NULL,'2022-07-16 10:20:47'),(244,'å­—å…¸ç±»å‹',1,'com.wyg.system.controller.SysDictTypeController.add()','POST',1,'Dincat',NULL,'/dict/type','127.0.0.1','','{\"createBy\":\"Dincat\",\"dictName\":\"å®¡æ ¸çŠ¶æ€\",\"dictType\":\"sys_audit_status\",\"params\":{},\"status\":\"0\"}','{\"msg\":\"æ“ä½œæˆåŠŸ\",\"code\":200}',0,NULL,'2022-07-16 10:20:56'),(245,'å­—å…¸ç±»å‹',1,'com.wyg.system.controller.SysDictTypeController.add()','POST',1,'Dincat',NULL,'/dict/type','127.0.0.1','','{\"createBy\":\"Dincat\",\"dictName\":\"çŸ­ä¿¡å¹³å°\",\"dictType\":\"sms_platform\",\"params\":{},\"status\":\"0\"}','{\"msg\":\"æ“ä½œæˆåŠŸ\",\"code\":200}',0,NULL,'2022-07-16 10:21:05'),(246,'å­—å…¸æ•°æ®',1,'com.wyg.system.controller.SysDictDataController.add()','POST',1,'Dincat',NULL,'/dict/data','127.0.0.1','','{\"createBy\":\"Dincat\",\"dictLabel\":\"é€‰æ‹©é¢˜\",\"dictSort\":0,\"dictType\":\"subject_types\",\"dictValue\":\"0\",\"listClass\":\"default\",\"params\":{},\"status\":\"0\"}','{\"msg\":\"æ“ä½œæˆåŠŸ\",\"code\":200}',0,NULL,'2022-07-16 10:21:39'),(247,'å­—å…¸æ•°æ®',1,'com.wyg.system.controller.SysDictDataController.add()','POST',1,'Dincat',NULL,'/dict/data','127.0.0.1','','{\"createBy\":\"Dincat\",\"dictLabel\":\"ç®€ç­”é¢˜\",\"dictSort\":0,\"dictType\":\"subject_types\",\"dictValue\":\"1\",\"listClass\":\"default\",\"params\":{},\"status\":\"0\"}','{\"msg\":\"æ“ä½œæˆåŠŸ\",\"code\":200}',0,NULL,'2022-07-16 10:21:52'),(248,'å­—å…¸æ•°æ®',1,'com.wyg.system.controller.SysDictDataController.add()','POST',1,'Dincat',NULL,'/dict/data','127.0.0.1','','{\"createBy\":\"Dincat\",\"dictLabel\":\"åˆ¤æ–­é¢˜\",\"dictSort\":0,\"dictType\":\"subject_types\",\"dictValue\":\"2\",\"listClass\":\"default\",\"params\":{},\"status\":\"0\"}','{\"msg\":\"æ“ä½œæˆåŠŸ\",\"code\":200}',0,NULL,'2022-07-16 10:22:03'),(249,'å­—å…¸æ•°æ®',1,'com.wyg.system.controller.SysDictDataController.add()','POST',1,'Dincat',NULL,'/dict/data','127.0.0.1','','{\"createBy\":\"Dincat\",\"dictLabel\":\"å¤šé€‰é¢˜\",\"dictSort\":0,\"dictType\":\"subject_types\",\"dictValue\":\"3\",\"listClass\":\"default\",\"params\":{},\"status\":\"0\"}','{\"msg\":\"æ“ä½œæˆåŠŸ\",\"code\":200}',0,NULL,'2022-07-16 10:22:23'),(250,'å­—å…¸æ•°æ®',1,'com.wyg.system.controller.SysDictDataController.add()','POST',1,'Dincat',NULL,'/dict/data','127.0.0.1','','{\"createBy\":\"Dincat\",\"dictLabel\":\"æ­£ç¡®\",\"dictSort\":0,\"dictType\":\"answer_types\",\"dictValue\":\"0\",\"listClass\":\"default\",\"params\":{},\"status\":\"0\"}','{\"msg\":\"æ“ä½œæˆåŠŸ\",\"code\":200}',0,NULL,'2022-07-16 10:22:40'),(251,'å­—å…¸æ•°æ®',1,'com.wyg.system.controller.SysDictDataController.add()','POST',1,'Dincat',NULL,'/dict/data','127.0.0.1','','{\"createBy\":\"Dincat\",\"dictLabel\":\"é”™è¯¯\",\"dictSort\":0,\"dictType\":\"answer_types\",\"dictValue\":\"1\",\"listClass\":\"default\",\"params\":{},\"status\":\"0\"}','{\"msg\":\"æ“ä½œæˆåŠŸ\",\"code\":200}',0,NULL,'2022-07-16 10:22:51'),(252,'å­—å…¸æ•°æ®',1,'com.wyg.system.controller.SysDictDataController.add()','POST',1,'Dincat',NULL,'/dict/data','127.0.0.1','','{\"createBy\":\"Dincat\",\"dictLabel\":\"æ­£å¸¸\",\"dictSort\":0,\"dictType\":\"delete_flag\",\"dictValue\":\"0\",\"listClass\":\"success\",\"params\":{},\"status\":\"0\"}','{\"msg\":\"æ“ä½œæˆåŠŸ\",\"code\":200}',0,NULL,'2022-07-16 10:23:14'),(253,'å­—å…¸æ•°æ®',1,'com.wyg.system.controller.SysDictDataController.add()','POST',1,'Dincat',NULL,'/dict/data','127.0.0.1','','{\"createBy\":\"Dincat\",\"dictLabel\":\"åˆ é™¤\",\"dictSort\":0,\"dictType\":\"delete_flag\",\"dictValue\":\"1\",\"listClass\":\"danger\",\"params\":{},\"status\":\"0\"}','{\"msg\":\"æ“ä½œæˆåŠŸ\",\"code\":200}',0,NULL,'2022-07-16 10:23:23'),(254,'å­—å…¸æ•°æ®',1,'com.wyg.system.controller.SysDictDataController.add()','POST',1,'Dincat',NULL,'/dict/data','127.0.0.1','','{\"createBy\":\"Dincat\",\"dictLabel\":\"å¾…æ‰¹æ”¹\",\"dictSort\":0,\"dictType\":\"mark_status\",\"dictValue\":\"0\",\"listClass\":\"info\",\"params\":{},\"status\":\"0\"}','{\"msg\":\"æ“ä½œæˆåŠŸ\",\"code\":200}',0,NULL,'2022-07-16 10:24:02'),(255,'å­—å…¸æ•°æ®',1,'com.wyg.system.controller.SysDictDataController.add()','POST',1,'Dincat',NULL,'/dict/data','127.0.0.1','','{\"createBy\":\"Dincat\",\"dictLabel\":\"å·²æ‰¹æ”¹\",\"dictSort\":0,\"dictType\":\"mark_status\",\"dictValue\":\"1\",\"listClass\":\"primary\",\"params\":{},\"status\":\"0\"}','{\"msg\":\"æ“ä½œæˆåŠŸ\",\"code\":200}',0,NULL,'2022-07-16 10:24:15'),(256,'å­—å…¸æ•°æ®',1,'com.wyg.system.controller.SysDictDataController.add()','POST',1,'Dincat',NULL,'/dict/data','127.0.0.1','','{\"createBy\":\"Dincat\",\"dictLabel\":\"æ­£åœ¨ç»Ÿè®¡\",\"dictSort\":0,\"dictType\":\"mark_status\",\"dictValue\":\"2\",\"listClass\":\"info\",\"params\":{},\"status\":\"0\"}','{\"msg\":\"æ“ä½œæˆåŠŸ\",\"code\":200}',0,NULL,'2022-07-16 10:24:27'),(257,'å­—å…¸æ•°æ®',1,'com.wyg.system.controller.SysDictDataController.add()','POST',1,'Dincat',NULL,'/dict/data','127.0.0.1','','{\"createBy\":\"Dincat\",\"dictLabel\":\"ç»Ÿè®¡å®Œæˆ\",\"dictSort\":0,\"dictType\":\"mark_status\",\"dictValue\":\"3\",\"listClass\":\"success\",\"params\":{},\"status\":\"0\"}','{\"msg\":\"æ“ä½œæˆåŠŸ\",\"code\":200}',0,NULL,'2022-07-16 10:24:40'),(258,'å­—å…¸æ•°æ®',1,'com.wyg.system.controller.SysDictDataController.add()','POST',1,'Dincat',NULL,'/dict/data','127.0.0.1','','{\"createBy\":\"Dincat\",\"dictLabel\":\"æ­£å¼è€ƒè¯•\",\"dictSort\":0,\"dictType\":\"examination_type\",\"dictValue\":\"0\",\"listClass\":\"default\",\"params\":{},\"status\":\"0\"}','{\"msg\":\"æ“ä½œæˆåŠŸ\",\"code\":200}',0,NULL,'2022-07-16 10:25:37'),(259,'å­—å…¸æ•°æ®',1,'com.wyg.system.controller.SysDictDataController.add()','POST',1,'Dincat',NULL,'/dict/data','127.0.0.1','','{\"createBy\":\"Dincat\",\"dictLabel\":\"æ¨¡æ‹Ÿè€ƒè¯•\",\"dictSort\":0,\"dictType\":\"examination_type\",\"dictValue\":\"1\",\"listClass\":\"default\",\"params\":{},\"status\":\"0\"}','{\"msg\":\"æ“ä½œæˆåŠŸ\",\"code\":200}',0,NULL,'2022-07-16 10:25:53'),(260,'å­—å…¸æ•°æ®',1,'com.wyg.system.controller.SysDictDataController.add()','POST',1,'Dincat',NULL,'/dict/data','127.0.0.1','','{\"createBy\":\"Dincat\",\"dictLabel\":\"ç»ƒä¹ \",\"dictSort\":0,\"dictType\":\"examination_type\",\"dictValue\":\"2\",\"listClass\":\"default\",\"params\":{},\"status\":\"0\"}','{\"msg\":\"æ“ä½œæˆåŠŸ\",\"code\":200}',0,NULL,'2022-07-16 10:26:00'),(261,'å­—å…¸æ•°æ®',1,'com.wyg.system.controller.SysDictDataController.add()','POST',1,'Dincat',NULL,'/dict/data','127.0.0.1','','{\"createBy\":\"Dincat\",\"dictLabel\":\"è°ƒæŸ¥é—®å·\",\"dictSort\":0,\"dictType\":\"examination_type\",\"dictValue\":\"3\",\"listClass\":\"default\",\"params\":{},\"status\":\"0\"}','{\"msg\":\"æ“ä½œæˆåŠŸ\",\"code\":200}',0,NULL,'2022-07-16 10:26:12'),(262,'å­—å…¸æ•°æ®',1,'com.wyg.system.controller.SysDictDataController.add()','POST',1,'Dincat',NULL,'/dict/data','127.0.0.1','','{\"createBy\":\"Dincat\",\"dictLabel\":\"å·²å‘å¸ƒ\",\"dictSort\":0,\"dictType\":\"exam_publish_status\",\"dictValue\":\"0\",\"listClass\":\"default\",\"params\":{},\"status\":\"0\"}','{\"msg\":\"æ“ä½œæˆåŠŸ\",\"code\":200}',0,NULL,'2022-07-16 10:26:36'),(263,'å­—å…¸æ•°æ®',1,'com.wyg.system.controller.SysDictDataController.add()','POST',1,'Dincat',NULL,'/dict/data','127.0.0.1','','{\"createBy\":\"Dincat\",\"dictLabel\":\"è‰ç¨¿\",\"dictSort\":0,\"dictType\":\"exam_publish_status\",\"dictValue\":\"1\",\"listClass\":\"default\",\"params\":{},\"status\":\"0\"}','{\"msg\":\"æ“ä½œæˆåŠŸ\",\"code\":200}',0,NULL,'2022-07-16 10:26:45'),(264,'å­—å…¸æ•°æ®',2,'com.wyg.system.controller.SysDictDataController.edit()','PUT',1,'Dincat',NULL,'/dict/data','127.0.0.1','','{\"createBy\":\"Dincat\",\"createTime\":\"2022-07-16 10:26:36\",\"dictCode\":116,\"dictLabel\":\"å·²å‘å¸ƒ\",\"dictSort\":0,\"dictType\":\"exam_publish_status\",\"dictValue\":\"0\",\"isDefault\":\"N\",\"listClass\":\"success\",\"params\":{},\"status\":\"0\",\"updateBy\":\"Dincat\"}','{\"msg\":\"æ“ä½œæˆåŠŸ\",\"code\":200}',0,NULL,'2022-07-16 10:26:51'),(265,'å­—å…¸æ•°æ®',1,'com.wyg.system.controller.SysDictDataController.add()','POST',1,'Dincat',NULL,'/dict/data','127.0.0.1','','{\"createBy\":\"Dincat\",\"dictLabel\":\"éªŒè¯ç \",\"dictSort\":0,\"dictType\":\"sms_types\",\"dictValue\":\"validate_code\",\"listClass\":\"default\",\"params\":{},\"status\":\"0\"}','{\"msg\":\"æ“ä½œæˆåŠŸ\",\"code\":200}',0,NULL,'2022-07-16 10:27:15'),(266,'å­—å…¸æ•°æ®',1,'com.wyg.system.controller.SysDictDataController.add()','POST',1,'Dincat',NULL,'/dict/data','127.0.0.1','','{\"createBy\":\"Dincat\",\"dictLabel\":\"é€šçŸ¥\",\"dictSort\":0,\"dictType\":\"sms_types\",\"dictValue\":\"notify\",\"listClass\":\"default\",\"params\":{},\"status\":\"0\"}','{\"msg\":\"æ“ä½œæˆåŠŸ\",\"code\":200}',0,NULL,'2022-07-16 10:27:28'),(267,'å­—å…¸æ•°æ®',1,'com.wyg.system.controller.SysDictDataController.add()','POST',1,'Dincat',NULL,'/dict/data','127.0.0.1','','{\"createBy\":\"Dincat\",\"dictLabel\":\"å¾…å®¡æ ¸\",\"dictSort\":0,\"dictType\":\"sys_audit_status\",\"dictValue\":\"waitting\",\"listClass\":\"info\",\"params\":{},\"status\":\"0\"}','{\"msg\":\"æ“ä½œæˆåŠŸ\",\"code\":200}',0,NULL,'2022-07-16 10:27:48'),(268,'å­—å…¸æ•°æ®',1,'com.wyg.system.controller.SysDictDataController.add()','POST',1,'Dincat',NULL,'/dict/data','127.0.0.1','','{\"createBy\":\"Dincat\",\"dictLabel\":\"å®¡æ ¸æˆåŠŸ\",\"dictSort\":0,\"dictType\":\"sys_audit_status\",\"dictValue\":\"success\",\"listClass\":\"success\",\"params\":{},\"status\":\"0\"}','{\"msg\":\"æ“ä½œæˆåŠŸ\",\"code\":200}',0,NULL,'2022-07-16 10:28:01'),(269,'å­—å…¸æ•°æ®',1,'com.wyg.system.controller.SysDictDataController.add()','POST',1,'Dincat',NULL,'/dict/data','127.0.0.1','','{\"createBy\":\"Dincat\",\"dictLabel\":\"é©³å›\",\"dictSort\":0,\"dictType\":\"sys_audit_status\",\"dictValue\":\"reject\",\"listClass\":\"warning\",\"params\":{},\"status\":\"0\"}','{\"msg\":\"æ“ä½œæˆåŠŸ\",\"code\":200}',0,NULL,'2022-07-16 10:28:17'),(270,'å­—å…¸æ•°æ®',1,'com.wyg.system.controller.SysDictDataController.add()','POST',1,'Dincat',NULL,'/dict/data','127.0.0.1','','{\"createBy\":\"Dincat\",\"dictLabel\":\"å¤±è´¥\",\"dictSort\":0,\"dictType\":\"sys_audit_status\",\"dictValue\":\"fail\",\"listClass\":\"danger\",\"params\":{},\"status\":\"0\"}','{\"msg\":\"æ“ä½œæˆåŠŸ\",\"code\":200}',0,NULL,'2022-07-16 10:28:30'),(271,'å­—å…¸æ•°æ®',1,'com.wyg.system.controller.SysDictDataController.add()','POST',1,'Dincat',NULL,'/dict/data','127.0.0.1','','{\"createBy\":\"Dincat\",\"dictLabel\":\"é˜¿é‡Œäº‘\",\"dictSort\":0,\"dictType\":\"sms_platform\",\"dictValue\":\"Aliyun\",\"listClass\":\"info\",\"params\":{},\"status\":\"0\"}','{\"msg\":\"æ“ä½œæˆåŠŸ\",\"code\":200}',0,NULL,'2022-07-16 10:28:57'),(272,'è€ƒè¯•ä¿¡æ¯',2,'com.wyg.exam.controller.ExaminationController.edit()','PUT',1,'Dincat',NULL,'/examination/','127.0.0.1','','{\"applicationCode\":\"WorrilessGo\",\"attention\":\"ã€Šæ‰‹è¯­ç¿»è¯‘äººå‘˜ï¼ˆåˆçº§ï¼‰ã€‹ç¬¬äºŒç« è¯æ±‡ç»ƒä¹ å·ï¼Œ16é“è¯æ±‡é¢˜ï¼Œ4é“ã€Šæ‰‹è¯­ç¿»è¯‘æ¦‚è®ºã€‹é¢˜ã€‚\",\"avatarId\":53,\"canRepeat\":\"Y\",\"course\":{\"courseName\":\"\",\"delFlag\":\"0\",\"newRecord\":true,\"params\":{}},\"createDate\":\"2022-05-25 23:00:17\",\"creator\":\"admin\",\"delFlag\":\"0\",\"duration\":60,\"endTime\":\"2022-07-30 00:00:00\",\"examinationName\":\"æ‰‹è¯­ç¿»è¯‘äººå‘˜ï¼ˆåˆçº§ï¼‰ç¬¬äºŒç« ç»ƒä¹ å·\",\"id\":979156982772531200,\"modifier\":\"Dincat\",\"modifyDate\":\"2022-07-16T10:32:45.947+08:00\",\"newRecord\":false,\"params\":{},\"rating\":4.0,\"remark\":\"ã€Šæ‰‹è¯­ç¿»è¯‘äººå‘˜ï¼ˆåˆçº§ï¼‰ã€‹ç¬¬äºŒç« è¯æ±‡ç»ƒä¹ å·\",\"startTime\":\"2022-07-01 00:00:00\",\"status\":\"0\",\"subjectCount\":20,\"tenantCode\":\"WorrilessGo\",\"totalScore\":100,\"type\":2}','{\"msg\":\"æ“ä½œæˆåŠŸ\",\"code\":200}',0,NULL,'2022-07-16 10:32:46'),(273,'å¼€å§‹è€ƒè¯•',1,'com.wyg.exam.controller.ExaminationRecordController.start()','POST',1,'Dincat',NULL,'/record/start','127.0.0.1','','{\"applicationCode\":\"WorrilessGo\",\"createDate\":\"2022-07-16T11:31:38.055+08:00\",\"creator\":\"Dincat\",\"delFlag\":\"0\",\"deptName\":\"ç ”å‘éƒ¨é—¨\",\"examType\":1,\"examinationId\":991021918033281024,\"examinationName\":\"æ‰‹è¯­ç¿»è¯‘äººå‘˜ï¼ˆåˆçº§ï¼‰ç¬¬å…­ç« è¯æ±‡æµ‹è¯•3\",\"id\":997827849454878720,\"modifier\":\"Dincat\",\"modifyDate\":\"2022-07-16T11:31:38.055+08:00\",\"newRecord\":true,\"params\":{},\"startTime\":\"2022-07-16T11:31:38.054+08:00\",\"submitStatus\":0,\"tenantCode\":\"WorrilessGo\",\"userId\":1,\"userName\":\"è‹¥ä¾\"}','{\"msg\":\"æ“ä½œæˆåŠŸ\",\"code\":200,\"data\":{\"examRecord\":{\"applicationCode\":\"WorrilessGo\",\"createDate\":\"2022-07-16T11:31:38.055+08:00\",\"creator\":\"Dincat\",\"delFlag\":\"0\",\"deptName\":\"ç ”å‘éƒ¨é—¨\",\"examType\":1,\"examinationId\":991021918033281024,\"examinationName\":\"æ‰‹è¯­ç¿»è¯‘äººå‘˜ï¼ˆåˆçº§ï¼‰ç¬¬å…­ç« è¯æ±‡æµ‹è¯•3\",\"id\":997827849454878720,\"modifier\":\"Dincat\",\"modifyDate\":\"2022-07-16T11:31:38.055+08:00\",\"newRecord\":true,\"params\":{},\"startTime\":\"2022-07-16T11:31:38.054+08:00\",\"submitStatus\":0,\"tenantCode\":\"WorrilessGo\",\"userId\":1,\"userName\":\"è‹¥ä¾\"},\"examination\":{\"applicationCode\":\"WorrilessGo\",\"attention\":\"æ³¨æ„äº‹é¡¹111\",\"canRepeat\":\"Y\",\"createDate\":\"2022-06-27 16:47:18\",\"creator\":\"admin\",\"delFlag\":\"0\",\"duration\":60,\"endTime\":\"2022-12-31 00:00:00\",\"examinationName\":\"æ‰‹è¯­ç¿»è¯‘äººå‘˜ï¼ˆåˆçº§ï¼‰ç¬¬å…­ç« è¯æ±‡æµ‹è¯•3\",\"id\":991021918033281024,\"modifier\":\"admin\",\"modifyDate\":\"2022-06-27 16:47:18\",\"newRecord\":false,\"params\":{},\"rating\":0.0,\"remark\":\"å¤‡æ³¨22\",\"startTime\":\"2022-06-01 00:00:00\",\"status\":\"0\",\"subjectCount\":20,\"tenantCode\":\"WorrilessGo\",\"totalScore\":100,\"type\":1},\"subjectVO\":{\"answer\":{\"answerType\":1,\"applicationCode\":\"WorrilessGo\",\"createDate\":\"2022-07-16T11:31:43.359+08:00\",\"creator\":\"Dincat\",\"delFlag\":\"0\",\"examRecordId\":997827849454878720,\"id\":997827871701467137,\"markStatus\":0,\"modifier\":\"Dincat\",\"modifyDate\":\"2022-07-16T11:31:43.359+08:00\",\"newRecord\":true,\"params\":{},\"startTime\":\"2022-07-16T11:31:43.359+08:00\",\"subjectId\":991021967425404928,\"tenantCode\":\"WorrilessGo\",\"type\":0},\"categoryId\":81,\"choicesType\":0,\"creator\":\"admin\",\"delFlag\":\"0\",\"id\":991021967425404928,\"level\":2,\"modifier\":\"admin\",\"modifyDate\":\"2022-06-27 16:47:29\",\"newRecord\":false,\"options\":[{\"applicationCode\":\"WorrilessGo\",\"createDate\":\"2022-06-27 16:47:44\",\"creator\":\"admin\",\"delFlag\":\"0\",\"id\":991022027328454656,\"modifier\":\"admin\",\"modifyDate\":\"2022-06-27 16:47:44\",\"newRecord\":false,\"optionContent\":\"ä¸€æ‰‹å…ˆè™šæ¡ï¼Œå†æ¡ç´§ã€‚<br/>ï¼ˆå¯æ ¹æ®å®é™…è¡¨ç¤ºç´§çš„çŠ¶æ€ï¼‰\",\"optionName\":\"A\",\"params\":{},\"subjectChoicesId\":991021967425404928,\"tenantCode\":\"WorrilessGo\",\"wordId\":8276},{\"applicationCode\":\"WorrilessGo\",\"createDate\":\"2022',0,NULL,'2022-07-16 11:31:43'),(274,'åˆ é™¤è¯¾ç¨‹',3,'com.wyg.exam.controller.CourseController.remove()','DELETE',1,'Dincat',NULL,'/course/997805027617669120','127.0.0.1','',NULL,'{\"msg\":\"æ“ä½œæˆåŠŸ\",\"code\":200}',0,NULL,'2022-07-16 13:44:49'),(275,'å‚æ•°ç®¡ç†',1,'com.wyg.system.controller.SysConfigController.add()','POST',1,'Dincat',NULL,'/config','127.0.0.1','','{\"configKey\":\"domainUrl\",\"configName\":\"è®¿é—®åŸŸå\",\"configType\":\"Y\",\"configValue\":\"https://dincat.mynatapp.cc\",\"createBy\":\"Dincat\",\"groupCode\":\"System\",\"groupId\":\"1\",\"params\":{}}','{\"msg\":\"æ“ä½œæˆåŠŸ\",\"code\":200}',0,NULL,'2022-07-16 14:13:32'),(276,'æ·»åŠ å•†æˆ·ç”¨æˆ·',1,'com.wyg.system.controller.SysUserController.addUser()','POST',1,NULL,NULL,'/user/addUser','192.168.11.19','','{\"admin\":false,\"avatar\":\"https://thirdwx.qlogo.cn/mmopen/vi_32/Q0j4TwGTfTIAp5G6ia6ZtxTqxgmDAvRhHg8XmibcPbox72WAUdB4NfXibIWOoqUeJzVib22rtaaE5GI64yPxiaPYSOA/132\",\"nickName\":\"Dincat\",\"params\":{},\"password\":\"$2a$10$mUQw/X7PyU.n3ljhn7HcIeEV5WITmJnTYPp6X6MGmA4YxVd.KqJIq\",\"userId\":100,\"userName\":\"of9xM5zJyho1SRGNXJH7n1h-aeic\",\"userType\":\"07\",\"wxOpenId\":\"of9xM5zJyho1SRGNXJH7n1h-aeic\"}','{\"code\":200,\"data\":{\"admin\":false,\"avatar\":\"https://thirdwx.qlogo.cn/mmopen/vi_32/Q0j4TwGTfTIAp5G6ia6ZtxTqxgmDAvRhHg8XmibcPbox72WAUdB4NfXibIWOoqUeJzVib22rtaaE5GI64yPxiaPYSOA/132\",\"nickName\":\"Dincat\",\"params\":{},\"password\":\"$2a$10$mUQw/X7PyU.n3ljhn7HcIeEV5WITmJnTYPp6X6MGmA4YxVd.KqJIq\",\"userId\":100,\"userName\":\"of9xM5zJyho1SRGNXJH7n1h-aeic\",\"userType\":\"07\",\"wxOpenId\":\"of9xM5zJyho1SRGNXJH7n1h-aeic\"}}',0,NULL,'2022-07-16 15:36:33'),(277,'ç”¨æˆ·ç®¡ç†',3,'com.wyg.system.controller.SysUserController.remove()','DELETE',1,'admin',NULL,'/user/100','127.0.0.1','',NULL,'{\"msg\":\"æ“ä½œæˆåŠŸ\",\"code\":200}',0,NULL,'2022-07-16 17:49:34'),(278,'é€šçŸ¥å…¬å‘Š',2,'com.wyg.system.controller.SysNoticeController.edit()','PUT',1,'admin',NULL,'/notice','127.0.0.1','','{\"createBy\":\"admin\",\"createTime\":\"2022-07-01 15:09:17\",\"noticeContent\":\"æ–°ç‰ˆæœ¬å†…å®¹\",\"noticeId\":1,\"noticeTitle\":\"æ¸©é¦¨æé†’ï¼š2022-07-16 æ— å¿§æœè€ƒè¯•å¹³å°æ–°ç‰ˆæœ¬å‘å¸ƒå•¦\",\"noticeType\":\"2\",\"params\":{},\"remark\":\"ç®¡ç†å‘˜\",\"status\":\"0\",\"updateBy\":\"admin\"}','{\"msg\":\"æ“ä½œæˆåŠŸ\",\"code\":200}',0,NULL,'2022-07-16 17:54:13'),(279,'é€šçŸ¥å…¬å‘Š',2,'com.wyg.system.controller.SysNoticeController.edit()','PUT',1,'admin',NULL,'/notice','127.0.0.1','','{\"createBy\":\"admin\",\"createTime\":\"2022-07-01 15:09:17\",\"noticeContent\":\"<p>ç»´æŠ¤å†…å®¹</p>\",\"noticeId\":2,\"noticeTitle\":\"ç»´æŠ¤é€šçŸ¥ï¼š2018-07-01 æ— å¿§æœè€ƒè¯•ç³»ç»Ÿå‡Œæ™¨ç»´æŠ¤\",\"noticeType\":\"1\",\"params\":{},\"remark\":\"ç®¡ç†å‘˜\",\"status\":\"0\",\"updateBy\":\"admin\"}','{\"msg\":\"æ“ä½œæˆåŠŸ\",\"code\":200}',0,NULL,'2022-07-16 17:54:22'),(280,'å‚æ•°ç®¡ç†',2,'com.wyg.system.controller.SysConfigController.edit()','PUT',1,'admin',NULL,'/config','192.168.1.147','','{\"configId\":107,\"configKey\":\"file.upload.aliyun.access.secret\",\"configName\":\"é˜¿é‡Œäº‘OSS Access Key Secret\",\"configType\":\"Y\",\"configValue\":\"worrilessgo\",\"createBy\":\"Dincat\",\"createTime\":\"2022-07-14 13:02:11\",\"groupCode\":\"FileUpload\",\"groupId\":\"2\",\"params\":{},\"updateBy\":\"admin\",\"updateTime\":\"2022-07-14 14:59:26\"}','{\"msg\":\"æ“ä½œæˆåŠŸ\",\"code\":200}',0,NULL,'2022-08-25 14:57:39'),(281,'å‚æ•°ç®¡ç†',2,'com.wyg.system.controller.SysConfigController.edit()','PUT',1,'admin',NULL,'/config','192.168.1.147','','{\"configId\":106,\"configKey\":\"file.upload.aliyun.access.key\",\"configName\":\"é˜¿é‡Œäº‘OSS Access Key Id\",\"configType\":\"Y\",\"configValue\":\"worrilessgo\",\"createBy\":\"Dincat\",\"createTime\":\"2022-07-14 12:55:37\",\"groupCode\":\"FileUpload\",\"groupId\":\"2\",\"params\":{},\"updateBy\":\"admin\",\"updateTime\":\"2022-07-14 13:09:09\"}','{\"msg\":\"æ“ä½œæˆåŠŸ\",\"code\":200}',0,NULL,'2022-08-25 14:57:43');
/*!40000 ALTER TABLE `sys_oper_log` ENABLE KEYS */;
UNLOCK TABLES;

--
-- Table structure for table `sys_post`
--

DROP TABLE IF EXISTS `sys_post`;
/*!40101 SET @saved_cs_client     = @@character_set_client */;
/*!40101 SET character_set_client = utf8 */;
CREATE TABLE `sys_post` (
  `post_id` bigint(20) NOT NULL AUTO_INCREMENT COMMENT 'å²—ä½ID',
  `post_code` varchar(64) NOT NULL COMMENT 'å²—ä½ç¼–ç ',
  `post_name` varchar(50) NOT NULL COMMENT 'å²—ä½åç§°',
  `post_sort` int(4) NOT NULL COMMENT 'æ˜¾ç¤ºé¡ºåº',
  `status` char(1) NOT NULL COMMENT 'çŠ¶æ€ï¼ˆ0æ­£å¸¸ 1åœç”¨ï¼‰',
  `create_by` varchar(64) DEFAULT '' COMMENT 'åˆ›å»ºè€…',
  `create_time` datetime DEFAULT NULL COMMENT 'åˆ›å»ºæ—¶é—´',
  `update_by` varchar(64) DEFAULT '' COMMENT 'æ›´æ–°è€…',
  `update_time` datetime DEFAULT NULL COMMENT 'æ›´æ–°æ—¶é—´',
  `remark` varchar(500) DEFAULT NULL COMMENT 'å¤‡æ³¨',
  PRIMARY KEY (`post_id`)
) ENGINE=InnoDB AUTO_INCREMENT=5 DEFAULT CHARSET=utf8mb4 COMMENT='å²—ä½ä¿¡æ¯è¡¨';
/*!40101 SET character_set_client = @saved_cs_client */;

--
-- Dumping data for table `sys_post`
--

LOCK TABLES `sys_post` WRITE;
/*!40000 ALTER TABLE `sys_post` DISABLE KEYS */;
INSERT INTO `sys_post` VALUES (1,'ceo','è‘£äº‹é•¿',1,'0','admin','2022-07-01 15:09:13','',NULL,''),(2,'se','é¡¹ç›®ç»ç†',2,'0','admin','2022-07-01 15:09:13','',NULL,''),(3,'hr','äººåŠ›èµ„æº',3,'0','admin','2022-07-01 15:09:13','',NULL,''),(4,'user','æ™®é€šå‘˜å·¥',4,'0','admin','2022-07-01 15:09:13','',NULL,'');
/*!40000 ALTER TABLE `sys_post` ENABLE KEYS */;
UNLOCK TABLES;

--
-- Table structure for table `sys_role`
--

DROP TABLE IF EXISTS `sys_role`;
/*!40101 SET @saved_cs_client     = @@character_set_client */;
/*!40101 SET character_set_client = utf8 */;
CREATE TABLE `sys_role` (
  `role_id` bigint(20) NOT NULL AUTO_INCREMENT COMMENT 'è§’è‰²ID',
  `role_name` varchar(30) NOT NULL COMMENT 'è§’è‰²åç§°',
  `role_key` varchar(100) NOT NULL COMMENT 'è§’è‰²æƒé™å­—ç¬¦ä¸²',
  `role_sort` int(4) NOT NULL COMMENT 'æ˜¾ç¤ºé¡ºåº',
  `data_scope` char(1) DEFAULT '1' COMMENT 'æ•°æ®èŒƒå›´ï¼ˆ1ï¼šå…¨éƒ¨æ•°æ®æƒé™ 2ï¼šè‡ªå®šæ•°æ®æƒé™ 3ï¼šæœ¬éƒ¨é—¨æ•°æ®æƒé™ 4ï¼šæœ¬éƒ¨é—¨åŠä»¥ä¸‹æ•°æ®æƒé™ï¼‰',
  `menu_check_strictly` tinyint(1) DEFAULT '1' COMMENT 'èœå•æ ‘é€‰æ‹©é¡¹æ˜¯å¦å…³è”æ˜¾ç¤º',
  `dept_check_strictly` tinyint(1) DEFAULT '1' COMMENT 'éƒ¨é—¨æ ‘é€‰æ‹©é¡¹æ˜¯å¦å…³è”æ˜¾ç¤º',
  `status` char(1) NOT NULL COMMENT 'è§’è‰²çŠ¶æ€ï¼ˆ0æ­£å¸¸ 1åœç”¨ï¼‰',
  `del_flag` char(1) DEFAULT '0' COMMENT 'åˆ é™¤æ ‡å¿—ï¼ˆ0ä»£è¡¨å­˜åœ¨ 2ä»£è¡¨åˆ é™¤ï¼‰',
  `create_by` varchar(64) DEFAULT '' COMMENT 'åˆ›å»ºè€…',
  `create_time` datetime DEFAULT NULL COMMENT 'åˆ›å»ºæ—¶é—´',
  `update_by` varchar(64) DEFAULT '' COMMENT 'æ›´æ–°è€…',
  `update_time` datetime DEFAULT NULL COMMENT 'æ›´æ–°æ—¶é—´',
  `remark` varchar(500) DEFAULT NULL COMMENT 'å¤‡æ³¨',
  PRIMARY KEY (`role_id`)
) ENGINE=InnoDB AUTO_INCREMENT=3 DEFAULT CHARSET=utf8mb4 COMMENT='è§’è‰²ä¿¡æ¯è¡¨';
/*!40101 SET character_set_client = @saved_cs_client */;

--
-- Dumping data for table `sys_role`
--

LOCK TABLES `sys_role` WRITE;
/*!40000 ALTER TABLE `sys_role` DISABLE KEYS */;
INSERT INTO `sys_role` VALUES (1,'è¶…çº§ç®¡ç†å‘˜','admin',1,'1',1,1,'0','0','admin','2022-07-01 15:09:13','',NULL,'è¶…çº§ç®¡ç†å‘˜'),(2,'æ™®é€šè§’è‰²','common',2,'2',1,1,'0','0','admin','2022-07-01 15:09:13','Dincat','2022-07-15 18:13:38','æ™®é€šè§’è‰²');
/*!40000 ALTER TABLE `sys_role` ENABLE KEYS */;
UNLOCK TABLES;

--
-- Table structure for table `sys_role_dept`
--

DROP TABLE IF EXISTS `sys_role_dept`;
/*!40101 SET @saved_cs_client     = @@character_set_client */;
/*!40101 SET character_set_client = utf8 */;
CREATE TABLE `sys_role_dept` (
  `role_id` bigint(20) NOT NULL COMMENT 'è§’è‰²ID',
  `dept_id` bigint(20) NOT NULL COMMENT 'éƒ¨é—¨ID',
  PRIMARY KEY (`role_id`,`dept_id`)
) ENGINE=InnoDB DEFAULT CHARSET=utf8mb4 COMMENT='è§’è‰²å’Œéƒ¨é—¨å…³è”è¡¨';
/*!40101 SET character_set_client = @saved_cs_client */;

--
-- Dumping data for table `sys_role_dept`
--

LOCK TABLES `sys_role_dept` WRITE;
/*!40000 ALTER TABLE `sys_role_dept` DISABLE KEYS */;
INSERT INTO `sys_role_dept` VALUES (2,100),(2,101),(2,105);
/*!40000 ALTER TABLE `sys_role_dept` ENABLE KEYS */;
UNLOCK TABLES;

--
-- Table structure for table `sys_role_menu`
--

DROP TABLE IF EXISTS `sys_role_menu`;
/*!40101 SET @saved_cs_client     = @@character_set_client */;
/*!40101 SET character_set_client = utf8 */;
CREATE TABLE `sys_role_menu` (
  `role_id` bigint(20) NOT NULL COMMENT 'è§’è‰²ID',
  `menu_id` bigint(20) NOT NULL COMMENT 'èœå•ID',
  PRIMARY KEY (`role_id`,`menu_id`)
) ENGINE=InnoDB DEFAULT CHARSET=utf8mb4 COMMENT='è§’è‰²å’Œèœå•å…³è”è¡¨';
/*!40101 SET character_set_client = @saved_cs_client */;

--
-- Dumping data for table `sys_role_menu`
--

LOCK TABLES `sys_role_menu` WRITE;
/*!40000 ALTER TABLE `sys_role_menu` DISABLE KEYS */;
INSERT INTO `sys_role_menu` VALUES (2,1),(2,2),(2,3),(2,100),(2,101),(2,102),(2,103),(2,104),(2,105),(2,106),(2,107),(2,108),(2,109),(2,110),(2,111),(2,112),(2,113),(2,114),(2,115),(2,116),(2,500),(2,501),(2,1000),(2,1001),(2,1002),(2,1003),(2,1004),(2,1005),(2,1006),(2,1007),(2,1008),(2,1009),(2,1010),(2,1011),(2,1012),(2,1013),(2,1014),(2,1015),(2,1016),(2,1017),(2,1018),(2,1019),(2,1020),(2,1021),(2,1022),(2,1023),(2,1024),(2,1025),(2,1026),(2,1027),(2,1028),(2,1029),(2,1030),(2,1031),(2,1032),(2,1033),(2,1034),(2,1035),(2,1036),(2,1037),(2,1038),(2,1039),(2,1040),(2,1041),(2,1042),(2,1043),(2,1044),(2,1045),(2,1046),(2,1047),(2,1048),(2,1049),(2,1050),(2,1051),(2,1052),(2,1053),(2,1054),(2,1055),(2,1056),(2,1057),(2,1058),(2,1059);
/*!40000 ALTER TABLE `sys_role_menu` ENABLE KEYS */;
UNLOCK TABLES;

--
-- Table structure for table `sys_user`
--

DROP TABLE IF EXISTS `sys_user`;
/*!40101 SET @saved_cs_client     = @@character_set_client */;
/*!40101 SET character_set_client = utf8 */;
CREATE TABLE `sys_user` (
  `user_id` bigint(20) NOT NULL AUTO_INCREMENT COMMENT 'ç”¨æˆ·ID',
  `dept_id` bigint(20) DEFAULT NULL COMMENT 'éƒ¨é—¨ID',
  `user_name` varchar(30) NOT NULL COMMENT 'ç”¨æˆ·è´¦å·',
  `nick_name` varchar(30) NOT NULL COMMENT 'ç”¨æˆ·æ˜µç§°',
  `user_type` varchar(2) DEFAULT '00' COMMENT 'ç”¨æˆ·ç±»å‹ï¼ˆ00ç³»ç»Ÿç”¨æˆ·ï¼‰',
  `email` varchar(50) DEFAULT '' COMMENT 'ç”¨æˆ·é‚®ç®±',
  `phonenumber` varchar(11) DEFAULT '' COMMENT 'æ‰‹æœºå·ç ',
  `sex` char(1) DEFAULT '0' COMMENT 'ç”¨æˆ·æ€§åˆ«ï¼ˆ0ç”· 1å¥³ 2æœªçŸ¥ï¼‰',
  `avatar` varchar(1000) DEFAULT '' COMMENT 'å¤´åƒåœ°å€',
  `password` varchar(100) DEFAULT '' COMMENT 'å¯†ç ',
  `status` char(1) DEFAULT '0' COMMENT 'å¸å·çŠ¶æ€ï¼ˆ0æ­£å¸¸ 1åœç”¨ï¼‰',
  `del_flag` char(1) DEFAULT '0' COMMENT 'åˆ é™¤æ ‡å¿—ï¼ˆ0ä»£è¡¨å­˜åœ¨ 2ä»£è¡¨åˆ é™¤ï¼‰',
  `login_ip` varchar(128) DEFAULT '' COMMENT 'æœ€åç™»å½•IP',
  `login_date` datetime DEFAULT NULL COMMENT 'æœ€åç™»å½•æ—¶é—´',
  `create_by` varchar(64) DEFAULT '' COMMENT 'åˆ›å»ºè€…',
  `create_time` datetime DEFAULT NULL COMMENT 'åˆ›å»ºæ—¶é—´',
  `update_by` varchar(64) DEFAULT '' COMMENT 'æ›´æ–°è€…',
  `update_time` datetime DEFAULT NULL COMMENT 'æ›´æ–°æ—¶é—´',
  `remark` varchar(500) DEFAULT NULL COMMENT 'å¤‡æ³¨',
  `login_power` char(1) DEFAULT '0' COMMENT 'åå°ç™»å½•æƒé™;  0:å…³é—­  1:å¼€å¯',
  `wx_open_id` varchar(255) DEFAULT NULL COMMENT 'å¾®ä¿¡OpenId',
  `last_update_pwd_time` datetime DEFAULT NULL COMMENT 'æœ€åä¸€æ¬¡ä¿®æ”¹å¯†ç çš„æ—¶é—´',
  `can_query` varchar(45) DEFAULT '1',
  `ip_intercept` char(1) DEFAULT '0' COMMENT 'æ˜¯å¦å¼€å¯IPæ‹¦æˆª;  0:å¼€å¯   1: å…³é—­',
  `api_enabled` char(1) DEFAULT '0' COMMENT 'APIè°ƒç”¨;  0:å¼€å¯   1: å…³é—­',
  PRIMARY KEY (`user_id`)
) ENGINE=InnoDB AUTO_INCREMENT=3 DEFAULT CHARSET=utf8mb4 COMMENT='ç”¨æˆ·ä¿¡æ¯è¡¨';
/*!40101 SET character_set_client = @saved_cs_client */;

--
-- Dumping data for table `sys_user`
--

LOCK TABLES `sys_user` WRITE;
/*!40000 ALTER TABLE `sys_user` DISABLE KEYS */;
INSERT INTO `sys_user` VALUES (1,103,'admin','æ— å¿§æœ','00','21142500@qq.com','15888888888','1','http://192.168.11.19:9300/statics/wyg-test/avatar/2022/07/15/aae5899f-1b6a-45a4-b95f-0b0375c10837.jpg','$2a$10$7JB720yubVSZvUI0rEqK/.VqGOZTH.ulu33dHOiBE8ByOhJIrdAu2','0','0','127.0.0.1','2022-07-01 15:09:12','admin','2022-07-01 15:09:12','',NULL,'ç®¡ç†å‘˜',NULL,NULL,NULL,NULL,NULL,NULL),(2,105,'wyg','æ— å¿§æœ','00','21142500@qq.com','15666666666','1','','$2a$10$7JB720yubVSZvUI0rEqK/.VqGOZTH.ulu33dHOiBE8ByOhJIrdAu2','0','0','127.0.0.1','2022-07-01 15:09:12','admin','2022-07-01 15:09:12','',NULL,'æµ‹è¯•å‘˜',NULL,NULL,NULL,NULL,NULL,NULL);
/*!40000 ALTER TABLE `sys_user` ENABLE KEYS */;
UNLOCK TABLES;

--
-- Table structure for table `sys_user_post`
--

DROP TABLE IF EXISTS `sys_user_post`;
/*!40101 SET @saved_cs_client     = @@character_set_client */;
/*!40101 SET character_set_client = utf8 */;
CREATE TABLE `sys_user_post` (
  `user_id` bigint(20) NOT NULL COMMENT 'ç”¨æˆ·ID',
  `post_id` bigint(20) NOT NULL COMMENT 'å²—ä½ID',
  PRIMARY KEY (`user_id`,`post_id`)
) ENGINE=InnoDB DEFAULT CHARSET=utf8mb4 COMMENT='ç”¨æˆ·ä¸å²—ä½å…³è”è¡¨';
/*!40101 SET character_set_client = @saved_cs_client */;

--
-- Dumping data for table `sys_user_post`
--

LOCK TABLES `sys_user_post` WRITE;
/*!40000 ALTER TABLE `sys_user_post` DISABLE KEYS */;
INSERT INTO `sys_user_post` VALUES (1,1),(2,2);
/*!40000 ALTER TABLE `sys_user_post` ENABLE KEYS */;
UNLOCK TABLES;

--
-- Table structure for table `sys_user_role`
--

DROP TABLE IF EXISTS `sys_user_role`;
/*!40101 SET @saved_cs_client     = @@character_set_client */;
/*!40101 SET character_set_client = utf8 */;
CREATE TABLE `sys_user_role` (
  `user_id` bigint(20) NOT NULL COMMENT 'ç”¨æˆ·ID',
  `role_id` bigint(20) NOT NULL COMMENT 'è§’è‰²ID',
  PRIMARY KEY (`user_id`,`role_id`)
) ENGINE=InnoDB DEFAULT CHARSET=utf8mb4 COMMENT='ç”¨æˆ·å’Œè§’è‰²å…³è”è¡¨';
/*!40101 SET character_set_client = @saved_cs_client */;

--
-- Dumping data for table `sys_user_role`
--

LOCK TABLES `sys_user_role` WRITE;
/*!40000 ALTER TABLE `sys_user_role` DISABLE KEYS */;
INSERT INTO `sys_user_role` VALUES (1,1),(2,2);
/*!40000 ALTER TABLE `sys_user_role` ENABLE KEYS */;
UNLOCK TABLES;

--
-- Dumping events for database 'wyg-cloud'
--

--
-- Dumping routines for database 'wyg-cloud'
--
/*!40103 SET TIME_ZONE=@OLD_TIME_ZONE */;

/*!40101 SET SQL_MODE=@OLD_SQL_MODE */;
/*!40014 SET FOREIGN_KEY_CHECKS=@OLD_FOREIGN_KEY_CHECKS */;
/*!40014 SET UNIQUE_CHECKS=@OLD_UNIQUE_CHECKS */;
/*!40101 SET CHARACTER_SET_CLIENT=@OLD_CHARACTER_SET_CLIENT */;
/*!40101 SET CHARACTER_SET_RESULTS=@OLD_CHARACTER_SET_RESULTS */;
/*!40101 SET COLLATION_CONNECTION=@OLD_COLLATION_CONNECTION */;
/*!40111 SET SQL_NOTES=@OLD_SQL_NOTES */;

-- Dump completed on 2022-08-25 14:59:07
